STS_ID,STS_ID_CONSTR1,STS_ID_CONSTR2,STS_ID_WEIGHT,CONSTRUCTION_TYPE,GROWTH_RATE_FREQ,GROWTH_TYPE,AGGREGATION,THRESHOLD_PROP,THRESHOLD_COUNTRIES,SCALING,COMMENTS
OA.TPBS.POP.PPL.NO,,,,,,,sum,0.65,0,,
OA.TPBS.POP.PPL.GR10,OA.TPBS.POP.PPL.NO,,OA.TPBS.POP.PPL.NO,growth,10,geo,weighted.mean,0.65,0,,
OA.TPM.POP.PPL.NO,,,,,,,sum,0.65,0,,
OA.TPM.POP.PPL.SHP,OA.TPM.POP.PPL.NO,OA.TPBS.POP.PPL.NO,OA.TPBS.POP.PPL.NO,share,,,weighted.mean,0.65,0,100,
OA.TPF.POP.PPL.NO,,,,,,,sum,0.65,0,,
OA.TPF.POP.PPL.SHP,OA.TPF.POP.PPL.NO,OA.TPBS.POP.PPL.NO,OA.TPBS.POP.PPL.NO,share,,,weighted.mean,0.65,0,100,
OA.TPU.POP.PPL.NO,,,,,,,sum,0.65,0,,
OA.TPU.POP.PPL.SHP,OA.TPU.POP.PPL.NO,OA.TPBS.POP.PPL.NO,OA.TPBS.POP.PPL.NO,share,,,weighted.mean,0.65,0,100,
OA.TPU.POP.PPL.GR10,OA.TPU.POP.PPL.NO,,OA.TPU.POP.PPL.NO,growth,10,geo,weighted.mean,0.65,0,,
OA.TPR.POP.PPL.NO,,,,,,,sum,0.65,0,,
OA.TPR.POP.PPL.SHP,OA.TPR.POP.PPL.NO,OA.TPBS.POP.PPL.NO,OA.TPBS.POP.PPL.NO,share,,,weighted.mean,0.65,0,100,
OA.TPR.POP.PPL.GR10,OA.TPR.POP.PPL.NO,,OA.TPR.POP.PPL.NO,growth,10,geo,weighted.mean,0.65,0,,
OA.TEAPT.POP.PPL.NO,,,,,,,sum,0.65,0,,
OA.TEAPM.POP.PPL.NO,,,,,,,sum,0.65,0,,
OA.TEAPF.POP.PPL.NO,,,,,,,sum,0.65,0,,
OA.TEAPTA.POP.PPL.NO,,,,,,,sum,0.65,0,,
OA.TEAPMA.POP.PPL.NO,,,,,,,sum,0.65,0,,
OA.TEAPFA.POP.PPL.NO,,,,,,,sum,0.65,0,,
AG.LND.TOTL.K2,,,,,,,sum,0.65,0,,used to weight density
EN.POP.DNST,,,AG.LND.TOTL.K2,,,,weighted.mean,0.65,0,,WB computes aggregates deriving the already aggregated components
EN.URB.LCTY,,,,,,,discard,0.65,0,,WB doesn't aggregate this variable
EN.URB.LCTY.UR.ZS,,,OA.TPU.POP.PPL.NO,,,,weighted.mean,0.65,0,,
EN.URB.MCTY,,,,,,,discard,0.65,0,,WB doesn't aggregate this variable
EN.URB.MCTY.TL.ZS,,,OA.TPBS.POP.PPL.NO,,,,weighted.mean,0.65,0,,WB computes aggregates deriving the already aggregated components
EN.POP.EL5M.ZS,,,OA.TPBS.POP.PPL.NO,,,,weighted.mean,0.65,0,,WB doesn't specify this
SP.POP.TOTL.FE.ZS,,,OA.TPBS.POP.PPL.NO,,,,weighted.mean,0.65,0,,
SP.POP.DPND,,,OA.TPBS.POP.PPL.NO,,,,weighted.mean,0.65,0,,
UN.POP.AGE64,,,,,,,sum,0.65,0,,
UN.POP.AGE014,,,,,,,sum,0.65,0,,
UN.POP.FEMALE,,,,,,,sum,0.65,0,,
UN.POP.MALE,,,,,,,sum,0.65,0,,
SP.DYN.LE00.IN,,,OA.TPBS.POP.PPL.NO,,,,weighted.mean,0.65,0,,
SP.DYN.LE00.IN.CH,SP.DYN.LE00.IN,,SP.DYN.LE00.IN,change,11,ch,weighted.mean,0.65,0,,
SP.DYN.CBRT.IN,,,OA.TPBS.POP.PPL.NO,,,,weighted.mean,0.65,0,,used just to compute the mortality rate weight
MORTWEIGHT,,,,manual,,,sum,0.65,0,,mortality rate weight ('SP.DYN.CBRT.IN' * 'SP.OA.TPBS.POP.PPL.NOL')/1000)
SP.DYN.IMRT.IN,,,MORTWEIGHT,,,,weighted.mean,0.65,0,,
SH.DYN.MORT,,,MORTWEIGHT,,,,weighted.mean,0.65,0,,
NY.GNP.PCAP.CD,,,OA.TPBS.POP.PPL.NO,,,,weighted.mean,0.65,0,,WB computes aggregates deriving the already aggregated components
CP.D.ATLAS.GNP,,,,,,,sum,0.65,0,,
NV.AGR.TOTL.ZS,,,CP.D.ATLAS.GNP,,,,weighted.mean,0.65,0,,
NV.IND.TOTL.ZS,,,CP.D.ATLAS.GNP,,,,weighted.mean,0.65,0,,
NV.SRV.TETC.ZS,,,CP.D.ATLAS.GNP,,,,weighted.mean,0.65,0,,
NE.TRD.GNFS.ZS,,,CP.D.ATLAS.GNP,,,,weighted.mean,0.65,0,,
BX.KLT.DINV.WD.GD.ZS,,,NY.GDP.MKTP.CD,,,,weighted.mean,0.65,0,,
NY.GDP.MKTP.CD,,,,,,,sum,0.65,0,,"in WB seems weighted by CP.$.ATLAS.GNP, but it is a sum!!!"
NY.GNP.MKTP.CD,,,,,,,sum,0.65,0,,used as weight
DT.ODA.ALLD.CD,,,,,,,sum,0.65,0,,
DT.ODA.ALLD.CD.SH,DT.ODA.ALLD.CD,NY.GNP.MKTP.CD,NY.GNP.MKTP.CD,share,,,weighted.mean,0.65,0,,
EN.AGR.EMPL,,,,,,,discard,0.65,0,,used as weight
EA.PRD.AGRI.KD,,,,,,,discard,0.65,0,,should be weighted by EN.AGR.EMPL that is impossible to download. We cannot compute the aggs weighting by OA.TPBS.POP.PPL.NO�aggs too different
EA.PRD.AGRI.KD.GR10,EA.PRD.AGRI.KD,,EA.PRD.AGRI.KD,growth,10,geo,discard,0.65,0,,should be weighted by EA.PRD.AGRI.KD that is impossible to aggregate
NV.AGR.TOTL.KD,,,,,,,sum,0.65,0,,
NV.AGR.TOTL.KD.ZG,,,NV.AGR.TOTL.KD,,,,weighted.mean,0.65,0,,
RL.AREA.LAND.HA.NO,,,,,,,sum,0.65,0,,
RL.AREA.AGRORG.HA.NO,,,,,,,sum,0.65,0,,
RL.AREA.AGRORG.HA.SH,RL.AREA.AGRORG.HA.NO,RL.AREA.AGR.HA.NO,RL.AREA.AGR.HA.NO,share,,,weighted.mean,0.65,0,100,
RL.AREA.AGR.HA.NO,,,,,,,sum,0.65,0,,
RL.AREA.AGR.HA.SH,RL.AREA.AGR.HA.NO,RL.AREA.LAND.HA.NO,RL.AREA.LAND.HA.NO,share,,,weighted.mean,0.65,0,100,
RL.AREA.ARBL.HA.NO,,,,,,,sum,0.65,0,,
RL.AREA.ARBL.HA.SH,RL.AREA.ARBL.HA.NO,RL.AREA.AGR.HA.NO,RL.AREA.AGR.HA.NO,share,,,weighted.mean,0.65,0,100,
RL.AREA.ARBL.HA.SHP,RL.AREA.ARBL.HA.NO,OA.TPBS.POP.PPL.NO,OA.TPBS.POP.PPL.NO,share,,,weighted.mean,0.65,0,,
RL.AREA.PRMNCR.HA.NO,,,,,,,sum,0.65,0,,
RL.AREA.PRMNCR.HA.SH,RL.AREA.PRMNCR.HA.NO,RL.AREA.AGR.HA.NO,RL.AREA.AGR.HA.NO,share,,,weighted.mean,0.65,0,100,
RL.AREA.PRMNMP.HA.NO,,,,,,,sum,0.65,0,,
RL.AREA.PRMNMP.HA.SH,RL.AREA.PRMNMP.HA.NO,RL.AREA.AGR.HA.NO,RL.AREA.AGR.HA.NO,share,,,weighted.mean,0.65,0,100,
RL.AREA.FOR.HA.NO,,,,,,,sum,0.65,0,,
RL.AREA.FOR.HA.SH,RL.AREA.FOR.HA.NO,RL.AREA.LAND.HA.NO,RL.AREA.LAND.HA.NO,share,,,weighted.mean,0.65,0,100,
RL.AREA.FOR.HA.GR1,RL.AREA.FOR.HA.NO,,RL.AREA.FOR.HA.NO,growth,1,geo,weighted.mean,0.65,0,,
RL.AREA.FOR.HA.GR21,RL.AREA.FOR.HA.NO,,RL.AREA.FOR.HA.NO,growth,21,geo,weighted.mean,0.65,0,,
RL.AREA.OTH.HA.NO,,,,,,,sum,0.65,0,,
RL.AREA.OTH.HA.SH,RL.AREA.OTH.HA.NO,RL.AREA.LAND.HA.NO,RL.AREA.LAND.HA.NO,share,,,weighted.mean,0.65,0,100,
RL.AREA.ARBLPRMN.HA.NO,,,,,,,sum,0.65,0,,
RL.AREA.ARBLPRMN.HA.GR11,RL.AREA.ARBLPRMN.HA.NO,,RL.AREA.ARBLPRMN.HA.NO,growth,11,geo,weighted.mean,0.65,0,,
RL.AREA.ARBLPRMN.HA.SH,RL.AREA.ARBLPRMN.HA.NO,OA.TPBS.POP.PPL.NO,OA.TPBS.POP.PPL.NO,share,,,weighted.mean,0.65,0,,
RL.AREA.INLWAT.HA.NO,,,,,,,sum,0.65,0,,
AQ.WAT.WATPCP.MC.NO,,,,,,,discard,,,,"aquastat, no aggregation has to be done"
AQ.WAT.IRRPOT.HA.NO,,,,,,,discard,,,,"aquastat, no aggregation has to be done"
AQ.WAT.EQIRR.HA.NO,,,,,,,discard,,,,"aquastat, no aggregation has to be done"
AQ.WAT.SHIRR.HA.SH,,,,,,,discard,,,,"aquastat, no aggregation has to be done"
AQ.WAT.WWAGR.MC.SH,,,,,,,discard,,,,"aquastat, no aggregation has to be done"
AQ.WAT.WWIND.MC.SH,,,,,,,discard,,,,"aquastat, no aggregation has to be done"
AQ.WAT.WWMUN.MC.SH,,,,,,,discard,,,,"aquastat, no aggregation has to be done"
AQ.WAT.WWTOT.MC.NO,,,,,,,discard,,,,"aquastat, no aggregation has to be done"
AQ.WAT.WWTOT.MC.SH,,,,,,,discard,,,,"aquastat, no aggregation has to be done"
AQ.WAT.RFRWTOT.MC.SH,,,,,,,discard,,,,"aquastat, no aggregation has to be done"
AQ.WAT.RFRWAGR.MC.SH,,,,,,,discard,,,,"aquastat, no aggregation has to be done"
SL.TLF.0714.ZS,,,,,,,discard,0.65,0,,WB doesn't aggregate this variable
SL.AGR.0714.ZS,,,,,,,discard,0.65,0,,WB doesn't aggregate this variable
SL.AGR.0714.FE.ZS,,,,,,,discard,0.65,0,,WB doesn't aggregate this variable
SL.AGR.0714.MA.ZS,,,,,,,discard,0.65,0,,WB doesn't aggregate this variable
SL.EMP.TOTL.FE,,,,,,,sum,0.65,0,,used just to compute the female empl weight
SL.EMP.TOTL.MA,,,,,,,sum,0.65,0,,used just to compute the male empl weight
SL.AGR.EMPL.FE.ZS,,,SL.EMP.TOTL.FE,share,,,weighted.mean,0.65,0,,
SL.AGR.EMPL.MA.ZS,,,SL.EMP.TOTL.MA,share,,,weighted.mean,0.65,0,,
SL.EMP.TOTL,,,,,,,sum,0.65,0,,use as weight
SL.AGR.EMPL.ZS,,,SL.EMP.TOTL,share,,,weighted.mean,0.65,0,,
SL.IND.EMPL.ZS,,,SL.EMP.TOTL,,,,weighted.mean,0.65,0,,
SL.SRV.EMPL.ZS,,,SL.EMP.TOTL,,,,weighted.mean,0.65,0,,
SP.POP.1564.FE.IN,,,,,,,sum,0.65,0,,used just to compute the lab part rate weight
SP.POP.65UP.FE.IN,,,,,,,sum,0.65,0,,used just to compute the lab part rate weight
LABPARTFEWEIGHT,,,,manual,,,sum,0.65,0,,labor part rate weight ('SP.POP.1564.FE.IN'+'SP.POP.65UP.FE.IN')
SP.POP.1564.MA.IN,,,,,,,sum,0.65,0,,used just to compute the lab part rate weight
SP.POP.65UP.MA.IN,,,,,,,sum,0.65,0,,used just to compute the lab part rate weight
LABPARTMAWEIGHT,,,,manual,,,sum,0.65,0,,labor part rate weight ('SP.POP.1564.MA.IN'+'SP.POP.65UP.MA.IN')
SL.TLF.CACT.MA.ZS,,,OA.TPBS.POP.PPL.NO,,,,weighted.mean,0.65,0,,"impossible to construct the variable weighting by LABPARTMAWEIGHT (it is impossible to download the variable and even then too many missing values), we have to weight by total population following the world bank method"
SL.TLF.CACT.FE.ZS,,,OA.TPBS.POP.PPL.NO,,,,weighted.mean,0.65,0,,"impossible to construct the variable weighting by LABPARTFEWEIGHT (it is impossible to download the variable and even then too many missing values), we have to weight by total population following the world bank method"
RF.FERT.NI.TN.NO,,,,,,,sum,0.65,0,,
RF.FERT.NI.TN.SH,RF.FERT.NI.TN.NO,RL.AREA.ARBLPRMN.HA.NO,RL.AREA.ARBLPRMN.HA.NO,share,,,weighted.mean,0.65,0,1000,from tonne/ha to kg/ha
RF.FERT.PH.TN.NO,,,,,,,sum,0.65,0,,
RF.FERT.PH.TN.SH,RF.FERT.PH.TN.NO,RL.AREA.ARBLPRMN.HA.NO,RL.AREA.ARBLPRMN.HA.NO,share,,,weighted.mean,0.65,0,1000,from tonne/ha to kg/ha
RF.FERT.PO.TN.NO,,,,,,,sum,0.65,0,,
RF.FERT.PO.TN.SH,RF.FERT.PO.TN.NO,RL.AREA.ARBLPRMN.HA.NO,RL.AREA.ARBLPRMN.HA.NO,share,,,weighted.mean,0.65,0,1000,from tonne/ha to kg/ha
RF.FERT.NIPH.TN.NO,,,,,,,sum,0.65,0,,
RF.FERT.NIPH.TN.SH,RF.FERT.NIPH.TN.NO,RL.AREA.ARBLPRMN.HA.NO,RL.AREA.ARBLPRMN.HA.NO,share,,,weighted.mean,0.65,0,1000,from tonne/ha to kg/ha
RP.PEST.INS.TN.NO,,,,,,,sum,0.65,0,,
RP.PEST.MO.TN.NO,,,,,,,sum,0.65,0,,
RP.PEST.HE.TN.NO,,,,,,,sum,0.65,0,,
RP.PEST.FB.TN.NO,,,,,,,sum,0.65,0,,
RP.PEST.STF.TN.NO,,,,,,,sum,0.65,0,,
RP.PEST.STI.TN.NO,,,,,,,sum,0.65,0,,
RP.PEST.TOT.TN.NO,,,,manual,,,sum,0.65,0,,sum of all pesticides
RP.PEST.TOT.TN.SH,RP.PEST.TOT.TN.NO,RL.AREA.ARBLPRMN.HA.NO,RL.AREA.ARBLPRMN.HA.NO,share,,,weighted.mean,0.65,0,1000,from tonne/ha to kg/ha
RP.PEST.TOT.TN.SH.EXP,,,RL.AREA.ARBLPRMN.HA.NO,,,,weighted.mean,0.65,0,,nothing
CS.GCS.TOT.USD.NO,,,,,,,sum,0.65,0,,
CS.GCS.TOT.USD.GR7,CS.GCS.TOT.USD.NO,,CS.GCS.TOT.USD.NO,growth,7,geo,weighted.mean,0.65,0,,
CS.GCS.TOT.USD.GR10,CS.GCS.TOT.USD.NO,,CS.GCS.TOT.USD.NO,growth,10,geo,weighted.mean,0.65,0,,
CS.GCS.LD.USD.NO,,,,,,,sum,0.65,0,,
CS.GCS.LD.USD.SH,CS.GCS.LD.USD.NO,CS.GCS.TOT.USD.NO,CS.GCS.TOT.USD.NO,share,,,weighted.mean,0.65,0,100,
CS.GCS.LFA.USD.NO,,,,,,,sum,0.65,0,,
CS.GCS.LFA.USD.SH,CS.GCS.LFA.USD.NO,CS.GCS.TOT.USD.NO,CS.GCS.TOT.USD.NO,share,,,weighted.mean,0.65,0,100,
CS.GCS.LI.USD.NO,,,,,,,sum,0.65,0,,
CS.GCS.LI.USD.SH,CS.GCS.LI.USD.NO,CS.GCS.TOT.USD.NO,CS.GCS.TOT.USD.NO,share,,,weighted.mean,0.65,0,100,
CS.GCS.ME.USD.NO,,,,,,,sum,0.65,0,,
CS.GCS.ME.USD.SH,CS.GCS.ME.USD.NO,CS.GCS.TOT.USD.NO,CS.GCS.TOT.USD.NO,share,,,weighted.mean,0.65,0,100,
CS.GCS.PC.USD.NO,,,,,,,sum,0.65,0,,
CS.GCS.PC.USD.SH,CS.GCS.PC.USD.NO,CS.GCS.TOT.USD.NO,CS.GCS.TOT.USD.NO,share,,,weighted.mean,0.65,0,100,
CS.GCS.SL.USD.NO,,,,,,,sum,0.65,0,,
CS.GCS.SL.USD.SH,CS.GCS.SL.USD.NO,CS.GCS.TOT.USD.NO,CS.GCS.TOT.USD.NO,share,,,weighted.mean,0.65,0,100,
RM.MA.TRA.TR.NO,,,,,,,sum,0.65,0,,
IG.AFFH.STOCGG.USD.SH,,,,,,,discard,0.65,0,,no aggregation has to be done
IG.AFFH.STONCGG.USD.SH,,,,,,,discard,0.65,0,,no aggregation has to be done
IG.AFFH.SAGCGG.USD.SH,,,,,,,discard,0.65,0,,no aggregation has to be done
IG.AFFH.SAGNCGG.USD.SH,,,,,,,discard,0.65,0,,no aggregation has to be done
IG.EP.STOCGG.USD.SH,,,,,,,discard,0.65,0,,no aggregation has to be done
IG.EP.STONCGG.USD.SH,,,,,,,discard,0.65,0,,no aggregation has to be done
AA.RES.TP.RES.NO,,,,,,,discard,0.65,0,,no aggregation has to be done
AA.RES.GOV.RES.NO,,,,,,,discard,0.65,0,,no aggregation has to be done
AA.RES.HE.RES.NO,,,,,,,discard,0.65,0,,no aggregation has to be done
AA.RES.NP.RES.NO,,,,,,,discard,0.65,0,,no aggregation has to be done
AE.EXP.TP.PPP.NO,,,,,,,discard,0.65,0,,no aggregation has to be done
AE.EXP.GOV.PPP.NO,,,,,,,discard,0.65,0,,no aggregation has to be done
AE.EXP.HE.PPP.NO,,,,,,,discard,0.65,0,,no aggregation has to be done
AE.EXP.NP.PPP.NO,,,,,,,discard,0.65,0,,no aggregation has to be done
AR.RES.TPHD.RES.NO,,,,,,,discard,0.65,0,,no aggregation has to be done
AR.RES.TMSC.RES.NO,,,,,,,discard,0.65,0,,no aggregation has to be done
AR.RES.TBSC.RES.NO,,,,,,,discard,0.65,0,,no aggregation has to be done
AR.RES.MPHD.RES.NO,,,,,,,discard,0.65,0,,no aggregation has to be done
AR.RES.MMSC.RES.NO,,,,,,,discard,0.65,0,,no aggregation has to be done
AR.RES.MBSC.RES.NO,,,,,,,discard,0.65,0,,no aggregation has to be done
AR.RES.FPHD.RES.NO,,,,,,,discard,0.65,0,,no aggregation has to be done
AR.RES.FMSC.RES.NO,,,,,,,discard,0.65,0,,no aggregation has to be done
AR.RES.FBSC.RES.NO,,,,,,,discard,0.65,0,,no aggregation has to be done
IT.CEL.SETS,,,,,,,sum,0.65,0,,
IT.CEL.SETS.GR12,IT.CEL.SETS,,IT.CEL.SETS,growth,12,geo,weighted.mean,0.65,0,,
IT.NET.BBND.P2,,,OA.TPBS.POP.PPL.NO,,,,weighted.mean,0.65,0,,
IT.CEL.SETS.P2,,,OA.TPBS.POP.PPL.NO,,,,weighted.mean,0.65,0,,
IT.MLT.MAIN.P2,,,OA.TPBS.POP.PPL.NO,,,,weighted.mean,0.65,0,,
IQ.CPA.BREG.XQ,,,,,,,discard,0.65,0,,no aggregation has to be done
SI.POV.GAPS,,,,,,,discard,0.65,0,,no aggregation has to be done
SI.POV.GAP2,,,,,,,discard,0.65,0,,no aggregation has to be done
SI.POV.NAGP,,,,,,,discard,0.65,0,,no aggregation has to be done
SI.POV.RUGP,,,,,,,discard,0.65,0,,no aggregation has to be done
SI.POV.URGP,,,,,,,discard,0.65,0,,no aggregation has to be done
SI.POV.DDAY,,,,,,,discard,0.65,0,,no aggregation has to be done
SI.POV.2DAY,,,,,,,discard,0.65,0,,no aggregation has to be done
SI.POV.NAHC,,,,,,,discard,0.65,0,,no aggregation has to be done
SI.POV.RUHC,,,,,,,discard,0.65,0,,no aggregation has to be done
SI.POV.URHC,,,,,,,discard,0.65,0,,no aggregation has to be done
SI.POV.GINI,,,,,,,discard,0.65,0,,no aggregation has to be done
SI.DST.05TH.20,,,,,,,discard,0.65,0,,no aggregation has to be done
SI.DST.FRST.20,,,,,,,discard,0.65,0,,no aggregation has to be done
SE.PRM.CMPT.ZS,,,OA.TPBS.POP.PPL.NO,,,,weighted.mean,0.65,0,,
SE.ADT.LITR.FE.ZS,,,,,,,discard,0.65,0,,we cannot compute the aggs weighting by POP.TOT�aggs too different
SE.ENR.PRSC.FM.ZS,,,OA.TPBS.POP.PPL.NO,,,,weighted.mean,0.65,0,,
SE.PRM.NENR.FE,,,,,,,discard,0.65,0,,no aggregation has to be done
SE.PRM.NENR.MA,,,,,,,discard,0.65,0,,no aggregation has to be done
SH.XPD.TOTL.ZS,,,NY.GDP.MKTP.CD,,,,weighted.mean,0.65,0,,
EN.CLC.MDAT.ZS,,,OA.TPBS.POP.PPL.NO,,,,weighted.mean,0.65,0,,
QC.PRD.CRLS.TN.NO,,,,,,,sum,0.65,0,,
QC.PRD.CRLS.TN.SHP,QC.PRD.CRLS.TN.NO,OA.TPBS.POP.PPL.NO,OA.TPBS.POP.PPL.NO,share,,,weighted.mean,0.65,0,1000,from tonne/cap to kg/cap
QC.PRD.CRLS.TN.GR10,QC.PRD.CRLS.TN.NO,,QC.PRD.CRLS.TN.NO,growth,10,geo,weighted.mean,0.65,0,,ls
QC.PRD.CRLS.TN.GR12,QC.PRD.CRLS.TN.NO,,QC.PRD.CRLS.TN.NO,growth,12,geo,weighted.mean,0.65,0,,ls
QC.RHRV.CRLS.HA.NO,,,,,,,sum,0.65,0,,
QC.RHRV.CRLS.HA.GR10,QC.RHRV.CRLS.HA.NO,,QC.RHRV.CRLS.HA.NO,growth,10,geo,weighted.mean,0.65,0,,ls
QC.RHRV.CRLS.HA.GR12,QC.RHRV.CRLS.HA.NO,,QC.RHRV.CRLS.HA.NO,growth,12,geo,weighted.mean,0.65,0,,ls
QC.YIELD.CRLS.HG.NO,,,QC.RHRV.CRLS.HA.NO,,,,weighted.mean,0.65,0,,I weighted the yield by the harvested area
QC.YIELD.CRLS.HG.GR10,QC.YIELD.CRLS.HG.NO,,QC.YIELD.CRLS.HG.NO,growth,10,geo,weighted.mean,0.65,0,,ls
QC.YIELD.CRLS.HG.GR12,QC.YIELD.CRLS.HG.NO,,QC.YIELD.CRLS.HG.NO,growth,12,geo,weighted.mean,0.65,0,,ls
QC.PRD.CRSGRN.TN.NO,,,,,,,sum,0.65,0,,
QC.PRD.CRSGRN.TN.SHW,QC.PRD.CRSGRN.TN.NO,,,share,,,sum,0.65,0,100,
QC.PRD.CRSGRN.TN.SHP,QC.PRD.CRSGRN.TN.NO,OA.TPBS.POP.PPL.NO,OA.TPBS.POP.PPL.NO,share,,,weighted.mean,0.65,0,1000,from tonne/cap to kg/cap
QC.PRD.CRSGRN.TN.GR10,QC.PRD.CRSGRN.TN.NO,,QC.PRD.CRSGRN.TN.NO,growth,10,geo,weighted.mean,0.65,0,,ls
QC.PRD.CRSGRN.TN.GR12,QC.PRD.CRSGRN.TN.NO,,QC.PRD.CRSGRN.TN.NO,growth,12,geo,weighted.mean,0.65,0,,ls
QC.RHRV.CRSGRN.HA.NO,,,,,,,sum,0.65,0,,
QC.RHRV.CRSGRN.HA.SHW,QC.RHRV.CRSGRN.HA.NO,,,share,,,sum,0.65,0,100,
QC.RHRV.CRSGRN.HA.SHL,QC.RHRV.CRSGRN.HA.NO,RL.AREA.AGR.HA.NO,RL.AREA.AGR.HA.NO,share,,,weighted.mean,0.65,0,100,
QC.RHRV.CRSGRN.HA.GR10,QC.RHRV.CRSGRN.HA.NO,,QC.RHRV.CRSGRN.HA.NO,growth,10,geo,weighted.mean,0.65,0,,ls
QC.RHRV.CRSGRN.HA.GR12,QC.RHRV.CRSGRN.HA.NO,,QC.RHRV.CRSGRN.HA.NO,growth,12,geo,weighted.mean,0.65,0,,ls
QC.YIELD.CRSGRN.HG.NO,,,QC.RHRV.CRSGRN.HA.NO,,,,weighted.mean,0.65,0,,I weighted the yield by the harvested area
QC.YIELD.CRSGRN.HG.GR10,QC.YIELD.CRSGRN.HG.NO,,QC.YIELD.CRSGRN.HG.NO,growth,10,geo,weighted.mean,0.65,0,,ls
QC.YIELD.CRSGRN.HG.GR12,QC.YIELD.CRSGRN.HG.NO,,QC.YIELD.CRSGRN.HG.NO,growth,12,geo,weighted.mean,0.65,0,,ls
QC.PRD.RICE.TN.NO,,,,,,,sum,0.65,0,,
QC.PRD.RICE.TN.SHP,QC.PRD.RICE.TN.NO,OA.TPBS.POP.PPL.NO,OA.TPBS.POP.PPL.NO,share,,,weighted.mean,0.65,0,1000,from tonne/cap to kg/cap
QC.PRD.RICE.TN.GR10,QC.PRD.RICE.TN.NO,,QC.PRD.RICE.TN.NO,growth,10,geo,weighted.mean,0.65,0,,
QC.PRD.RICE.TN.GR12,QC.PRD.RICE.TN.NO,,QC.PRD.RICE.TN.NO,growth,12,geo,weighted.mean,0.65,0,,
QC.RHRV.RICE.HA.NO,,,,,,,sum,0.65,0,,
QC.RHRV.RICE.HA.GR10,QC.RHRV.RICE.HA.NO,,QC.RHRV.RICE.HA.NO,growth,10,geo,weighted.mean,0.65,0,,
QC.RHRV.RICE.HA.GR12,QC.RHRV.RICE.HA.NO,,QC.RHRV.RICE.HA.NO,growth,12,geo,weighted.mean,0.65,0,,
QC.YIELD.RICE.HG.NO,,,QC.RHRV.RICE.HA.NO,,,,weighted.mean,0.65,0,,I weighted the yield by the harvested area
QC.YIELD.RICE.HG.GR10,QC.YIELD.RICE.HG.NO,,QC.YIELD.RICE.HG.NO,growth,10,geo,weighted.mean,0.65,0,,
QC.YIELD.RICE.HG.GR12,QC.YIELD.RICE.HG.NO,,QC.YIELD.RICE.HG.NO,growth,12,geo,weighted.mean,0.65,0,,
QC.PRD.WHT.TN.NO,,,,,,,sum,0.65,0,,
QC.PRD.WHT.TN.SHP,QC.PRD.WHT.TN.NO,OA.TPBS.POP.PPL.NO,OA.TPBS.POP.PPL.NO,share,,,weighted.mean,0.65,0,1000,from tonne/cap to kg/cap
QC.PRD.WHT.TN.SHW,QC.PRD.WHT.TN.NO,,,share,,,sum,0.65,0,100,
QC.PRD.WHT.TN.GR10,QC.PRD.WHT.TN.NO,,QC.PRD.WHT.TN.NO,growth,10,geo,weighted.mean,0.65,0,,ls
QC.PRD.WHT.TN.GR12,QC.PRD.WHT.TN.NO,,QC.PRD.WHT.TN.NO,growth,12,geo,weighted.mean,0.65,0,,ls
QC.RHRV.WHT.HA.NO,,,,,,,sum,0.65,0,,
QC.RHRV.WHT.HA.SHW,QC.RHRV.WHT.HA.NO,,,share,,,sum,0.65,0,100,
QC.RHRV.WHT.HA.SHL,QC.RHRV.WHT.HA.NO,RL.AREA.AGR.HA.NO,RL.AREA.AGR.HA.NO,share,,,weighted.mean,0.65,0,100,
QC.RHRV.WHT.HA.GR10,QC.RHRV.WHT.HA.NO,,QC.RHRV.WHT.HA.NO,growth,10,geo,weighted.mean,0.65,0,,ls
QC.RHRV.WHT.HA.GR12,QC.RHRV.WHT.HA.NO,,QC.RHRV.WHT.HA.NO,growth,12,geo,weighted.mean,0.65,0,,ls
QC.YIELD.WHT.HG.NO,,,QC.RHRV.WHT.HA.NO,,,,weighted.mean,0.65,0,,I weighted the yield by the harvested area
QC.YIELD.WHT.HG.GR10,QC.YIELD.WHT.HG.NO,,QC.YIELD.WHT.HG.NO,growth,10,geo,weighted.mean,0.65,0,,ls
QC.YIELD.WHT.HG.GR12,QC.YIELD.WHT.HG.NO,,QC.YIELD.WHT.HG.NO,growth,12,geo,weighted.mean,0.65,0,,ls
QC.PRD.OILCRPS.TN.NO,,,,,,,sum,0.65,0,,
QC.PRD.OILCRPS.TN.SHW,QC.PRD.OILCRPS.TN.NO,,,share,,,sum,0.65,0,100,
QC.PRD.OILCRPS.TN.SHL,QC.PRD.OILCRPS.TN.NO,RL.AREA.LAND.HA.NO,RL.AREA.LAND.HA.NO,share,,,weighted.mean,0.65,0,100,
QC.PRD.OILCRPS.TN.SHP,QC.PRD.OILCRPS.TN.NO,OA.TPBS.POP.PPL.NO,OA.TPBS.POP.PPL.NO,share,,,weighted.mean,0.65,0,1000,from tonne/cap to kg/cap
QC.PRD.OILCRPS.TN.GR10,QC.PRD.OILCRPS.TN.NO,,QC.PRD.OILCRPS.TN.NO,growth,10,geo,weighted.mean,0.65,0,,ls
QC.PRD.OILCRPS.TN.GR12,QC.PRD.OILCRPS.TN.NO,,QC.PRD.OILCRPS.TN.NO,growth,12,geo,weighted.mean,0.65,0,,ls
QC.RHRV.OILCRPS.HA.NO,,,,,,,sum,0.65,0,,
QC.RHRV.OILCRPS.HA.SHW,QC.RHRV.OILCRPS.HA.NO,,,share,,,sum,0.65,0,100,
QC.RHRV.OILCRPS.HA.GR10,QC.RHRV.OILCRPS.HA.NO,,QC.RHRV.OILCRPS.HA.NO,growth,10,geo,weighted.mean,0.65,0,,ls
QC.RHRV.OILCRPS.HA.GR12,QC.RHRV.OILCRPS.HA.NO,,QC.RHRV.OILCRPS.HA.NO,growth,12,geo,weighted.mean,0.65,0,,ls
QC.YIELD.OILCRPS.HG.NO,,,QC.RHRV.OILCRPS.HA.NO,,,,weighted.mean,0.65,0,,I weighted the yield by the harvested area
QC.YIELD.OILCRPS.HG.GR10,QC.YIELD.OILCRPS.HG.NO,,QC.YIELD.OILCRPS.HG.NO,growth,10,geo,weighted.mean,0.65,0,,
QC.YIELD.OILCRPS.HG.GR12,QC.YIELD.OILCRPS.HG.NO,,QC.YIELD.OILCRPS.HG.NO,growth,12,geo,weighted.mean,0.65,0,,
QC.PRD.PULSE.TN.NO,,,,,,,sum,0.65,0,,
QC.PRD.PULSE.TN.SHP,QC.PRD.PULSE.TN.NO,OA.TPBS.POP.PPL.NO,OA.TPBS.POP.PPL.NO,share,,,weighted.mean,0.65,0,1000,from tonne/cap to kg/cap
QC.PRD.PULSE.TN.GR10,QC.PRD.PULSE.TN.NO,,QC.PRD.PULSE.TN.NO,growth,10,geo,weighted.mean,0.65,0,,ls
QC.PRD.PULSE.TN.GR12,QC.PRD.PULSE.TN.NO,,QC.PRD.PULSE.TN.NO,growth,12,geo,weighted.mean,0.65,0,,ls
QC.RHRV.PULSE.HA.NO,,,,,,,sum,0.65,0,,
QC.RHRV.PULSE.HA.GR10,QC.RHRV.PULSE.HA.NO,,QC.RHRV.PULSE.HA.NO,growth,10,geo,weighted.mean,0.65,0,,ls
QC.RHRV.PULSE.HA.GR12,QC.RHRV.PULSE.HA.NO,,QC.RHRV.PULSE.HA.NO,growth,12,geo,weighted.mean,0.65,0,,ls
QC.YIELD.PULSE.HG.NO,,,QC.RHRV.PULSE.HA.NO,,,,weighted.mean,0.65,0,,I weighted the yield by the harvested area
QC.YIELD.PULSE.HG.GR10,QC.YIELD.PULSE.HG.NO,,QC.YIELD.PULSE.HG.NO,growth,10,geo,weighted.mean,0.65,0,,ls
QC.YIELD.PULSE.HG.GR12,QC.YIELD.PULSE.HG.NO,,QC.YIELD.PULSE.HG.NO,growth,12,geo,weighted.mean,0.65,0,,ls
QC.PRD.RTTB.TN.NO,,,,,,,sum,0.65,0,,
QC.PRD.RTTB.TN.SHW,QC.PRD.RTTB.TN.NO,,,share,,,sum,0.65,0,100,
QC.PRD.RTTB.TN.SHP,QC.PRD.RTTB.TN.NO,OA.TPBS.POP.PPL.NO,OA.TPBS.POP.PPL.NO,share,,,weighted.mean,0.65,0,1000,from tonne/cap to kg/cap
QC.PRD.RTTB.TN.GR10,QC.PRD.RTTB.TN.NO,,QC.PRD.RTTB.TN.NO,growth,10,geo,weighted.mean,0.65,0,,ls
QC.PRD.RTTB.TN.GR12,QC.PRD.RTTB.TN.NO,,QC.PRD.RTTB.TN.NO,growth,12,geo,weighted.mean,0.65,0,,ls
QC.RHRV.RTTB.HA.NO,,,,,,,sum,0.65,0,,
QC.RHRV.RTTB.HA.SHW,QC.RHRV.RTTB.HA.NO,,,share,,,sum,0.65,0,100,
QC.RHRV.RTTB.HA.SHL,QC.RHRV.RTTB.HA.NO,RL.AREA.AGR.HA.NO,RL.AREA.AGR.HA.NO,share,,,weighted.mean,0.65,0,100,
QC.RHRV.RTTB.HA.GR10,QC.RHRV.RTTB.HA.NO,,QC.RHRV.RTTB.HA.NO,growth,10,geo,weighted.mean,0.65,0,,ls
QC.RHRV.RTTB.HA.GR12,QC.RHRV.RTTB.HA.NO,,QC.RHRV.RTTB.HA.NO,growth,12,geo,weighted.mean,0.65,0,,ls
QC.YIELD.RTTB.HG.NO,,,QC.RHRV.RTTB.HA.NO,,,,weighted.mean,0.65,0,,I weighted the yield by the harvested area
QC.YIELD.RTTB.HG.GR10,QC.YIELD.RTTB.HG.NO,,QC.YIELD.RTTB.HG.NO,growth,10,geo,weighted.mean,0.65,0,,ls
QC.YIELD.RTTB.HG.GR12,QC.YIELD.RTTB.HG.NO,,QC.YIELD.RTTB.HG.NO,growth,12,geo,weighted.mean,0.65,0,,ls
QC.PRD.VEG.TN.NO,,,,,,,sum,0.65,0,,
QC.PRD.VEG.TN.SHW,QC.PRD.VEG.TN.NO,,,share,,,sum,0.65,0,100,
QC.PRD.VEG.TN.SHP,QC.PRD.VEG.TN.NO,OA.TPBS.POP.PPL.NO,OA.TPBS.POP.PPL.NO,share,,,weighted.mean,0.65,0,1000,from tonne/cap to kg/cap
QC.PRD.VEG.TN.GR10,QC.PRD.VEG.TN.NO,,QC.PRD.VEG.TN.NO,growth,10,geo,weighted.mean,0.65,0,,ls
QC.PRD.VEG.TN.GR12,QC.PRD.VEG.TN.NO,,QC.PRD.VEG.TN.NO,growth,12,geo,weighted.mean,0.65,0,,ls
QC.RHRV.VEG.HA.NO,,,,,,,sum,0.65,0,,
QC.RHRV.VEG.HA.SHW,QC.RHRV.VEG.HA.NO,,,share,,,sum,0.65,0,100,
QC.RHRV.VEG.HA.SHL,QC.RHRV.VEG.HA.NO,RL.AREA.AGR.HA.NO,RL.AREA.AGR.HA.NO,share,,,weighted.mean,0.65,0,100,
QC.RHRV.VEG.HA.GR10,QC.RHRV.VEG.HA.NO,,QC.RHRV.VEG.HA.NO,growth,10,geo,weighted.mean,0.65,0,,ls
QC.RHRV.VEG.HA.GR12,QC.RHRV.VEG.HA.NO,,QC.RHRV.VEG.HA.NO,growth,12,geo,weighted.mean,0.65,0,,ls
QC.YIELD.VEG.HG.NO,,,QC.RHRV.VEG.HA.NO,,,,weighted.mean,0.65,0,,I weighted the yield by the harvested area
QC.YIELD.VEG.HG.GR10,QC.YIELD.VEG.HG.NO,,QC.YIELD.VEG.HG.NO,growth,10,geo,weighted.mean,0.65,0,,ls
QC.YIELD.VEG.HG.GR12,QC.YIELD.VEG.HG.NO,,QC.YIELD.VEG.HG.NO,growth,12,geo,weighted.mean,0.65,0,,ls
QC.PRD.SU.TN.NO,,,,,,,sum,0.65,0,,
QC.PRD.SU.TN.SHW,QC.PRD.SU.TN.NO,,,share,,,sum,0.65,0,100,
QC.PRD.SU.TN.SHP,QC.PRD.SU.TN.NO,OA.TPBS.POP.PPL.NO,OA.TPBS.POP.PPL.NO,share,,,weighted.mean,0.65,0,1000,from tonne/cap to kg/cap
QC.PRD.SU.TN.GR10,QC.PRD.SU.TN.NO,,QC.PRD.SU.TN.NO,growth,10,geo,weighted.mean,0.65,0,,ls
QC.PRD.SU.TN.GR12,QC.PRD.SU.TN.NO,,QC.PRD.SU.TN.NO,growth,12,geo,weighted.mean,0.65,0,,ls
QC.RHRV.SU.HA.NO,,,,,,,sum,0.65,0,,
QC.RHRV.SU.HA.SHW,QC.RHRV.SU.HA.NO,,,share,,,sum,0.65,0,100,
QC.RHRV.SU.HA.SHL,QC.RHRV.SU.HA.NO,RL.AREA.AGR.HA.NO,RL.AREA.AGR.HA.NO,share,,,weighted.mean,0.65,0,100,
QC.RHRV.SU.HA.GR10,QC.RHRV.SU.HA.NO,,QC.RHRV.SU.HA.NO,growth,10,geo,weighted.mean,0.65,0,,ls
QC.RHRV.SU.HA.GR12,QC.RHRV.SU.HA.NO,,QC.RHRV.SU.HA.NO,growth,12,geo,weighted.mean,0.65,0,,ls
QC.YIELD.SU.HG.NO,,,QC.RHRV.SU.HA.NO,,,,weighted.mean,0.65,0,,I weighted the yield by the harvested area
QC.YIELD.SU.HG.GR10,QC.YIELD.SU.HG.NO,,QC.YIELD.SU.HG.NO,growth,10,geo,weighted.mean,0.65,0,,ls
QC.YIELD.SU.HG.GR12,QC.YIELD.SU.HG.NO,,QC.YIELD.SU.HG.NO,growth,12,geo,weighted.mean,0.65,0,,ls
QC.PRD.TN.TN.NO,,,,,,,sum,0.65,0,,
QC.PRD.TN.TN.SHP,QC.PRD.TN.TN.NO,OA.TPBS.POP.PPL.NO,OA.TPBS.POP.PPL.NO,share,,,weighted.mean,0.65,0,1000,from tonne/cap to kg/cap
QC.PRD.TN.TN.GR10,QC.PRD.TN.TN.NO,,QC.PRD.TN.TN.NO,growth,10,geo,weighted.mean,0.65,0,,
QC.PRD.TN.TN.GR12,QC.PRD.TN.TN.NO,,QC.PRD.TN.TN.NO,growth,12,geo,weighted.mean,0.65,0,,
QC.RHRV.TN.HA.NO,,,,,,,sum,0.65,0,,
QC.RHRV.TN.HA.GR10,QC.RHRV.TN.HA.NO,,QC.RHRV.TN.HA.NO,growth,10,geo,weighted.mean,0.65,0,,
QC.RHRV.TN.HA.GR12,QC.RHRV.TN.HA.NO,,QC.RHRV.TN.HA.NO,growth,12,geo,weighted.mean,0.65,0,,
QC.YIELD.TN.HG.NO,,,QC.RHRV.TN.HA.NO,,,,weighted.mean,0.65,0,,I weighted the yield by the harvested area
QC.YIELD.TN.HG.GR10,QC.YIELD.TN.HG.NO,,QC.YIELD.TN.HG.NO,growth,10,geo,weighted.mean,0.65,0,,
QC.YIELD.TN.HG.GR12,QC.YIELD.TN.HG.NO,,QC.YIELD.TN.HG.NO,growth,12,geo,weighted.mean,0.65,0,,
QC.PRD.FRU.TN.NO,,,,,,,sum,0.65,0,,
QC.PRD.FRU.TN.SHW,QC.PRD.FRU.TN.NO,,,share,,,sum,0.65,0,100,
QC.PRD.FRU.TN.SHP,QC.PRD.FRU.TN.NO,OA.TPBS.POP.PPL.NO,OA.TPBS.POP.PPL.NO,share,,,weighted.mean,0.65,0,1000,from tonne/cap to kg/cap
QC.PRD.FRU.TN.GR10,QC.PRD.FRU.TN.NO,,QC.PRD.FRU.TN.NO,growth,10,geo,weighted.mean,0.65,0,,ls
QC.PRD.FRU.TN.GR12,QC.PRD.FRU.TN.NO,,QC.PRD.FRU.TN.NO,growth,12,geo,weighted.mean,0.65,0,,ls
QC.RHRV.FRU.HA.NO,,,,,,,sum,0.65,0,,
QC.RHRV.FRU.HA.SHW,QC.RHRV.FRU.HA.NO,,,share,,,sum,0.65,0,100,
QC.RHRV.FRU.HA.SHL,QC.RHRV.FRU.HA.NO,RL.AREA.AGR.HA.NO,RL.AREA.AGR.HA.NO,share,,,weighted.mean,0.65,0,100,
QC.RHRV.FRU.HA.GR10,QC.RHRV.FRU.HA.NO,,QC.RHRV.FRU.HA.NO,growth,10,geo,weighted.mean,0.65,0,,ls
QC.RHRV.FRU.HA.GR12,QC.RHRV.FRU.HA.NO,,QC.RHRV.FRU.HA.NO,growth,12,geo,weighted.mean,0.65,0,,ls
QC.YIELD.FRU.HG.NO,,,QC.RHRV.FRU.HA.NO,,,,weighted.mean,0.65,0,,I weighted the yield by the harvested area
QC.YIELD.FRU.HG.GR10,QC.YIELD.FRU.HG.NO,,QC.YIELD.FRU.HG.NO,growth,10,geo,weighted.mean,0.65,0,,ls
QC.YIELD.FRU.HG.GR12,QC.YIELD.FRU.HG.NO,,QC.YIELD.FRU.HG.NO,growth,12,geo,weighted.mean,0.65,0,,ls
QC.PRD.CIFRU.TN.NO,,,,,,,sum,0.65,0,,
QC.PRD.CIFRU.TN.SHP,QC.PRD.CIFRU.TN.NO,OA.TPBS.POP.PPL.NO,OA.TPBS.POP.PPL.NO,share,,,weighted.mean,0.65,0,1000,from tonne/cap to kg/cap
QC.PRD.CIFRU.TN.GR10,QC.PRD.CIFRU.TN.NO,,QC.PRD.CIFRU.TN.NO,growth,10,geo,weighted.mean,0.65,0,,ls
QC.PRD.CIFRU.TN.GR12,QC.PRD.CIFRU.TN.NO,,QC.PRD.CIFRU.TN.NO,growth,12,geo,weighted.mean,0.65,0,,ls
QC.RHRV.CIFRU.HA.NO,,,,,,,sum,0.65,0,,
QC.RHRV.CIFRU.HA.GR10,QC.RHRV.CIFRU.HA.NO,,QC.RHRV.CIFRU.HA.NO,growth,10,geo,weighted.mean,0.65,0,,ls
QC.RHRV.CIFRU.HA.GR12,QC.RHRV.CIFRU.HA.NO,,QC.RHRV.CIFRU.HA.NO,growth,12,geo,weighted.mean,0.65,0,,ls
QC.YIELD.CIFRU.HG.NO,,,QC.RHRV.CIFRU.HA.NO,,,,weighted.mean,0.65,0,,I weighted the yield by the harvested area
QC.YIELD.CIFRU.HG.GR10,QC.YIELD.CIFRU.HG.NO,,QC.YIELD.CIFRU.HG.NO,growth,10,geo,weighted.mean,0.65,0,,ls
QC.YIELD.CIFRU.HG.GR12,QC.YIELD.CIFRU.HG.NO,,QC.YIELD.CIFRU.HG.NO,growth,12,geo,weighted.mean,0.65,0,,ls
QC.PRD.FC.TN.NO,,,,,,,sum,0.65,0,,
QC.PRD.FC.TN.SHP,QC.PRD.FC.TN.NO,OA.TPBS.POP.PPL.NO,OA.TPBS.POP.PPL.NO,share,,,weighted.mean,0.65,0,1000,from tonne/cap to kg/cap
QC.PRD.FC.TN.GR10,QC.PRD.FC.TN.NO,,QC.PRD.FC.TN.NO,growth,10,geo,weighted.mean,0.65,0,,ls
QC.PRD.FC.TN.GR12,QC.PRD.FC.TN.NO,,QC.PRD.FC.TN.NO,growth,12,geo,weighted.mean,0.65,0,,ls
QC.RHRV.FC.HA.NO,,,,,,,sum,0.65,0,,
QC.RHRV.FC.HA.GR10,QC.RHRV.FC.HA.NO,,QC.RHRV.FC.HA.NO,growth,10,geo,weighted.mean,0.65,0,,ls
QC.RHRV.FC.HA.GR12,QC.RHRV.FC.HA.NO,,QC.RHRV.FC.HA.NO,growth,12,geo,weighted.mean,0.65,0,,ls
QC.YIELD.FC.HG.NO,,,QC.RHRV.FC.HA.NO,,,,weighted.mean,0.65,0,,I weighted the yield by the harvested area
QC.YIELD.FC.HG.GR10,QC.YIELD.FC.HG.NO,,QC.YIELD.FC.HG.NO,growth,10,geo,weighted.mean,0.65,0,,ls
QC.YIELD.FC.HG.GR12,QC.YIELD.FC.HG.NO,,QC.YIELD.FC.HG.NO,growth,12,geo,weighted.mean,0.65,0,,ls
QC.PRD.JJ.TN.NO,,,,,,,sum,0.65,0,,
QC.PRD.JJ.TN.SHP,QC.PRD.JJ.TN.NO,OA.TPBS.POP.PPL.NO,OA.TPBS.POP.PPL.NO,share,,,weighted.mean,0.65,0,1000,from tonne/cap to kg/cap
QC.PRD.JJ.TN.GR10,QC.PRD.JJ.TN.NO,,QC.PRD.FC.TN.NO,growth,10,geo,weighted.mean,0.65,0,,ls
QC.PRD.JJ.TN.GR12,QC.PRD.JJ.TN.NO,,QC.PRD.FC.TN.NO,growth,12,geo,weighted.mean,0.65,0,,ls
QC.RHRV.JJ.HA.NO,,,,,,,sum,0.65,0,,
QC.RHRV.JJ.HA.GR10,QC.RHRV.JJ.HA.NO,,QC.RHRV.JJ.HA.NO,growth,10,geo,weighted.mean,0.65,0,,ls
QC.RHRV.JJ.HA.GR12,QC.RHRV.JJ.HA.NO,,QC.RHRV.JJ.HA.NO,growth,12,geo,weighted.mean,0.65,0,,ls
QC.YIELD.JJ.HG.NO,,,QC.RHRV.JJ.HA.NO,,,,weighted.mean,0.65,0,,I weighted the yield by the harvested area
QC.YIELD.JJ.HG.GR10,QC.YIELD.JJ.HG.NO,,QC.YIELD.JJ.HG.NO,growth,10,geo,weighted.mean,0.65,0,,ls
QC.YIELD.JJ.HG.GR12,QC.YIELD.JJ.HG.NO,,QC.YIELD.JJ.HG.NO,growth,12,geo,weighted.mean,0.65,0,,ls
QA.STCK.CB.HD.NO,,,,,,,sum,0.65,0,,
QA.STCK.CB.HD.SHW,QA.STCK.CB.HD.NO,,,share,,,sum,0.65,0,100,
QA.STCK.CB.HD.SHL,QA.STCK.CB.HD.NO,RL.AREA.AGR.HA.NO,RL.AREA.AGR.HA.NO,share,,,weighted.mean,0.65,0,,
QA.STCK.CB.HD.GR12,QA.STCK.CB.HD.NO,,QA.STCK.CB.HD.NO,growth,12,geo,weighted.mean,0.65,0,,ls
QA.STCK.SG.HD.NO,,,,,,,sum,0.65,0,,
QA.STCK.SG.HD.SHW,QA.STCK.SG.HD.NO,,,share,,,sum,0.65,0,100,
QA.STCK.SG.HD.SHL,QA.STCK.SG.HD.NO,RL.AREA.AGR.HA.NO,RL.AREA.AGR.HA.NO,share,,,weighted.mean,0.65,0,,
QA.STCK.SG.HD.GR12,QA.STCK.SG.HD.NO,,QA.STCK.SG.HD.NO,growth,12,geo,weighted.mean,0.65,0,,ls
QA.STCK.PB.HD.NO,,,,,,,sum,0.65,0,,
QA.STCK.PB.HD.SHL,QA.STCK.PB.HD.NO,RL.AREA.AGR.HA.NO,RL.AREA.AGR.HA.NO,share,,,weighted.mean,0.65,0,,
QA.STCK.PB.HD.SHW,QA.STCK.PB.HD.NO,,,share,,,sum,0.65,0,100,
QA.STCK.PB.HD.GR12,QA.STCK.PB.HD.NO,,QA.STCK.PB.HD.NO,growth,12,geo,weighted.mean,0.65,0,,ls
QA.STCK.PIG.HD.NO,,,,,,,sum,0.65,0,,
QA.STCK.PIG.HD.SHW,QA.STCK.PIG.HD.NO,,,share,,,sum,0.65,0,100,
QA.STCK.PIG.HD.SHL,QA.STCK.PIG.HD.NO,RL.AREA.AGR.HA.NO,RL.AREA.AGR.HA.NO,share,,,weighted.mean,0.65,0,,
QA.STCK.PIG.HD.GR12,QA.STCK.PIG.HD.NO,,QA.STCK.PIG.HD.NO,growth,12,geo,weighted.mean,0.65,0,,
QA.STCK.CHI.HD.NO,,,,,,,sum,0.65,0,,
QA.STCK.DU.HD.NO,,,,,,,sum,0.65,0,,
QA.STCK.GGF.HD.NO,,,,,,,sum,0.65,0,,
QA.STCK.TU.HD.NO,,,,,,,sum,0.65,0,,
QD.PRD.BOB.TN.NO,,,,,,,sum,0.65,0,,
QD.PRD.CCO.TN.NO,,,,,,,sum,0.65,0,,
QD.PRD.CL.TN.NO,,,,,,,sum,0.65,0,,
QD.PRD.CSO.TN.NO,,,,,,,sum,0.65,0,,
QD.PRD.CS.TN.NO,,,,,,,sum,0.65,0,,
QD.PRD.GNO.TN.NO,,,,,,,sum,0.65,0,,
QD.PRD.LSO.TN.NO,,,,,,,sum,0.65,0,,
QD.PRD.MO.TN.NO,,,,,,,sum,0.65,0,,
QD.PRD.MS.TN.NO,,,,,,,sum,0.65,0,,
QD.PRD.ML.TN.NO,,,,,,,sum,0.65,0,,
QD.PRD.OOV.TN.NO,,,,,,,sum,0.65,0,,
QD.PRD.PKO.TN.NO,,,,,,,sum,0.65,0,,
QD.PRD.PK.TN.NO,,,,,,,sum,0.65,0,,
QD.PRD.PO.TN.NO,,,,,,,sum,0.65,0,,
QD.PRD.RO.TN.NO,,,,,,,sum,0.65,0,,
QD.PRD.SAFO.TN.NO,,,,,,,sum,0.65,0,,
QD.PRD.SO.TN.NO,,,,,,,sum,0.65,0,,
QD.PRD.SBO.TN.NO,,,,,,,sum,0.65,0,,
QD.PRD.SRC.TN.NO,,,,,,,sum,0.65,0,,
QD.PRD.SUFO.TN.NO,,,,,,,sum,0.65,0,,
QD.PRD.WINE.TN.NO,,,,,,,sum,0.65,0,,
QD.PRD.WINE.TN.SHW,QD.PRD.WINE.TN.NO,,,share,,,sum,0.65,0,100,
QC.PRD.FRUNOGR.TN.NO,,,,manual,,,sum,0.65,0,,
QC.PRD.FRUNOGR.TN.GR12,QC.PRD.FRUNOGR.TN.NO,,QC.PRD.FRUNOGR.TN.NO,growth,12,geo,weighted.mean,0.65,0,,
QC.PRD.FRUNOGR.TN.SHW,QC.PRD.FRUNOGR.TN.NO,,,share,,,sum,0.65,0,100,
QD.RHRV.VINE.HA.NO,,,,,,,sum,0.65,0,,
QD.RHRV.VINE.HA.SHW,QD.RHRV.VINE.HA.NO,,,share,,,sum,0.65,0,100,
QD.RHRV.VINE.HA.SHL,QD.RHRV.VINE.HA.NO,RL.AREA.AGR.HA.NO,RL.AREA.AGR.HA.NO,share,,,weighted.mean,0.65,0,100,
QC.RHRV.FRUNOGR.HA.NO,,,,manual,,,sum,0.65,0,,
QC.RHRV.FRUNOGR.HA.GR12,QC.RHRV.FRUNOGR.HA.NO,,QC.RHRV.FRUNOGR.HA.NO,growth,12,geo,weighted.mean,0.65,0,,
QC.RHRV.FRUNOGR.HA.SHW,QC.RHRV.FRUNOGR.HA.NO,,,share,,,sum,0.65,0,100,
QC.RHRV.FRUNOGR.HA.SHL,QC.RHRV.FRUNOGR.HA.NO,RL.AREA.AGR.HA.NO,RL.AREA.AGR.HA.NO,share,,,weighted.mean,0.65,0,100,
QL.PRD.TOT.TN.NO,,,,,,,sum,0.65,0,,
QL.PRD.TOT.TN.SHP,QL.PRD.TOT.TN.NO,OA.TPBS.POP.PPL.NO,OA.TPBS.POP.PPL.NO,share,,,weighted.mean,0.65,0,1000,from tonne/cap to kg/cap
QL.PRD.TOT.TN.GR10,QL.PRD.TOT.TN.NO,,QL.PRD.TOT.TN.NO,growth,10,geo,weighted.mean,0.65,0,,ls
QL.PRD.TOT.TN.GR12,QL.PRD.TOT.TN.NO,,QL.PRD.TOT.TN.NO,growth,12,geo,weighted.mean,0.65,0,,ls
QL.PRD.BB.TN.NO,,,,,,,sum,0.65,0,,
QL.PRD.BB.TN.SHP,QL.PRD.BB.TN.NO,OA.TPBS.POP.PPL.NO,OA.TPBS.POP.PPL.NO,share,,,weighted.mean,0.65,0,1000,from tonne/cap to kg/cap
QL.PRD.BB.TN.GR10,QL.PRD.BB.TN.NO,,QL.PRD.BB.TN.NO,growth,10,geo,weighted.mean,0.65,0,,ls
QL.PRD.BB.TN.GR12,QL.PRD.BB.TN.NO,,QL.PRD.BB.TN.NO,growth,12,geo,weighted.mean,0.65,0,,ls
QL.PRD.SG.TN.NO,,,,,,,sum,0.65,0,,
QL.PRD.SG.TN.SHP,QL.PRD.SG.TN.NO,OA.TPBS.POP.PPL.NO,OA.TPBS.POP.PPL.NO,share,,,weighted.mean,0.65,0,1000,from tonne/cap to kg/cap
QL.PRD.SG.TN.GR10,QL.PRD.SG.TN.NO,,QL.PRD.SG.TN.NO,growth,10,geo,weighted.mean,0.65,0,,ls
QL.PRD.SG.TN.GR12,QL.PRD.SG.TN.NO,,QL.PRD.SG.TN.NO,growth,12,geo,weighted.mean,0.65,0,,ls
QL.PRD.POU.TN.NO,,,,,,,sum,0.65,0,,
QL.PRD.POU.TN.SHP,QL.PRD.POU.TN.NO,OA.TPBS.POP.PPL.NO,OA.TPBS.POP.PPL.NO,share,,,weighted.mean,0.65,0,1000,from tonne/cap to kg/cap
QL.PRD.POU.TN.GR10,QL.PRD.POU.TN.NO,,QL.PRD.POU.TN.NO,growth,10,geo,weighted.mean,0.65,0,,ls
QL.PRD.POU.TN.GR12,QL.PRD.POU.TN.NO,,QL.PRD.POU.TN.NO,growth,12,geo,weighted.mean,0.65,0,,ls
QL.PRD.PIG.TN.NO,,,,,,,sum,0.65,0,,
QL.PRD.PIG.TN.SH,QL.PRD.PIG.TN.NO,OA.TPBS.POP.PPL.NO,OA.TPBS.POP.PPL.NO,share,,,weighted.mean,0.65,0,1000,from tonne/cap to kg/cap
QL.PRD.PIG.TN.GR10,QL.PRD.PIG.TN.NO,,QL.PRD.PIG.TN.NO,growth,10,geo,weighted.mean,0.65,0,,ls
QL.PRD.PIG.TN.GR12,QL.PRD.PIG.TN.NO,,QL.PRD.PIG.TN.NO,growth,12,geo,weighted.mean,0.65,0,,ls
QL.PRD.EGG.TN.NO,,,,,,,sum,0.65,0,,
QL.PRD.EGG.TN.GR10,QL.PRD.EGG.TN.NO,,QL.PRD.EGG.TN.NO,growth,10,geo,weighted.mean,0.65,0,,ls
QL.PRD.EGG.TN.GR12,QL.PRD.EGG.TN.NO,,QL.PRD.EGG.TN.NO,growth,12,geo,weighted.mean,0.65,0,,ls
QL.PRD.MILK.TN.NO,,,,,,,sum,0.65,0,,
QL.PRD.MILK.TN.GR10,QL.PRD.MILK.TN.NO,,QL.PRD.MILK.TN.NO,growth,10,geo,weighted.mean,0.65,0,,ls
QL.PRD.MILK.TN.GR12,QL.PRD.MILK.TN.NO,,QL.PRD.MILK.TN.NO,growth,12,geo,weighted.mean,0.65,0,,ls
QP.PRD.BG.TN.NO,,,,,,,sum,0.65,0,,
QP.PRD.BG.TN.GR12,QP.PRD.BG.TN.NO,,QP.PRD.BG.TN.NO,growth,12,geo,weighted.mean,0.65,0,,ls
QP.PRD.CH.TN.NO,,,,,,,sum,0.65,0,,
QP.PRD.CH.TN.GR12,QP.PRD.CH.TN.NO,,QP.PRD.CH.TN.NO,growth,12,geo,weighted.mean,0.65,0,,ls
QP.PRD.ECM.TN.NO,,,,,,,sum,0.65,0,,
QP.PRD.SMBD.TN.NO,,,,,,,sum,0.65,0,,
QP.PRD.WOOL.TN.NO,,,,,,,sum,0.65,0,,
POP.TOT.BASE.0406,,,,manual,,,discard,0.65,0,,the aggregation is not needed but I need to specify it otherwise this variable will be excluded from the aggregation phase and cannot be used as weight for the aggregation of other variables
QV.GPV.FOOD.ID.NO,,,,,,,sum,0.65,0,,
QV.GPV.FOOD.BASE.0406,,,,manual,,,discard,0.65,0,,the aggregation is not needed but I need to specify it otherwise this variable will be excluded from the aggregation phase and cannot be used as weight for the aggregation of other variables
QV.GPCPV.FOOD.ID.SHP,QV.GPV.FOOD.ID.NO,OA.TPBS.POP.PPL.NO,OA.TPBS.POP.PPL.NO,share,,,weighted.mean,0.65,0,,
WEIGHT.POP.GPV.FOOD.0406,QV.GPV.FOOD.BASE.0406,POP.TOT.BASE.0406,,share,,,discard,0.65,0,,the aggregation is not needed but I need to specify it otherwise this variable will be excluded from the aggregation phase and cannot be used as weight for the aggregation of other variables
QV.NPV.FOOD.ID.NO,,,,,,,sum,0.65,0,,
QV.NPV.FOOD.BASE.0406,,,,manual,,,discard,0.65,0,,the aggregation is not needed but I need to specify it otherwise this variable will be excluded from the aggregation phase and cannot be used as weight for the aggregation of other variables
QV.NPCPV.FOOD.ID.SHP,QV.NPV.FOOD.ID.NO,OA.TPBS.POP.PPL.NO,OA.TPBS.POP.PPL.NO,share,,,weighted.mean,0.65,0,,
WEIGHT.POP.NPV.FOOD.0406,QV.NPV.FOOD.BASE.0406,POP.TOT.BASE.0406,,share,,,discard,0.65,0,,the aggregation is not needed but I need to specify it otherwise this variable will be excluded from the aggregation phase and cannot be used as weight for the aggregation of other variables
QV.NPV.CRPS.ID.NO,,,,,,,sum,0.65,0,,
QV.NPV.CRPS.BASE.0406,,,,manual,,,discard,0.65,0,,the aggregation is not needed but I need to specify it otherwise this variable will be excluded from the aggregation phase and cannot be used as weight for the aggregation of other variables
QV.NPCPV.CRPS.ID.SHP,QV.NPV.CRPS.ID.NO,OA.TPBS.POP.PPL.NO,OA.TPBS.POP.PPL.NO,share,,,weighted.mean,0.65,0,,
WEIGHT.POP.NPV.CRPS.0406,QV.NPV.CRPS.BASE.0406,POP.TOT.BASE.0406,,share,,,discard,0.65,0,,the aggregation is not needed but I need to specify it otherwise this variable will be excluded from the aggregation phase and cannot be used as weight for the aggregation of other variables
QV.GPV.AGR.ID.NO,,,,,,,sum,0.65,0,,
QV.GPV.AGR.BASE.0406,,,,manual,,,discard,0.65,0,,the aggregation is not needed but I need to specify it otherwise this variable will be excluded from the aggregation phase and cannot be used as weight for the aggregation of other variables
QV.NPV.AGR.ID.NO,,,,,,,sum,0.65,0,,
QV.NPV.AGR.BASE.0406,,,,manual,,,discard,0.65,0,,the aggregation is not needed but I need to specify it otherwise this variable will be excluded from the aggregation phase and cannot be used as weight for the aggregation of other variables
QV.NPCPV.AGR.ID.SHP,QV.NPV.AGR.ID.NO,OA.TPBS.POP.PPL.NO,OA.TPBS.POP.PPL.NO,share,,,weighted.mean,0.65,0,,
WEIGHT.POP.NPV.AGR.0406,QV.NPV.AGR.BASE.0406,POP.TOT.BASE.0406,,share,,,discard,0.65,0,,the aggregation is not needed but I need to specify it otherwise this variable will be excluded from the aggregation phase and cannot be used as weight for the aggregation of other variables
QV.NPV.CRLS.ID.NO,,,,,,,sum,0.65,0,,
QV.NPV.CRLS.BASE.0406,,,,manual,,,discard,0.65,0,,the aggregation is not needed but I need to specify it otherwise this variable will be excluded from the aggregation phase and cannot be used as weight for the aggregation of other variables
QV.NPCPV.CRLS.ID.SHP,QV.NPV.CRLS.ID.NO,OA.TPBS.POP.PPL.NO,OA.TPBS.POP.PPL.NO,share,,,weighted.mean,0.65,0,,
WEIGHT.POP.NPV.CRLS.0406,QV.NPV.CRLS.BASE.0406,POP.TOT.BASE.0406,,share,,,discard,0.65,0,,the aggregation is not needed but I need to specify it otherwise this variable will be excluded from the aggregation phase and cannot be used as weight for the aggregation of other variables
QV.NPV.LVSTCK.ID.NO,,,,,,,sum,0.65,0,,
QV.NPV.LVSTCK.BASE.0406,,,,manual,,,discard,0.65,0,,the aggregation is not needed but I need to specify it otherwise this variable will be excluded from the aggregation phase and cannot be used as weight for the aggregation of other variables
QV.NPCPV.LVSTCK.ID.SHP,QV.NPV.LVSTCK.ID.NO,OA.TPBS.POP.PPL.NO,OA.TPBS.POP.PPL.NO,share,,,weighted.mean,0.65,0,,
WEIGHT.POP.NPV.LVSTCK.0406,QV.NPV.LVSTCK.BASE.0406,POP.TOT.BASE.0406,,share,,,discard,0.65,0,,the aggregation is not needed but I need to specify it otherwise this variable will be excluded from the aggregation phase and cannot be used as weight for the aggregation of other variables
QV.NPV.NNFOOD.ID.NO,,,,,,,sum,0.65,0,,
QV.NPV.NNFOOD.BASE.0406,,,,manual,,,discard,0.65,0,,the aggregation is not needed but I need to specify it otherwise this variable will be excluded from the aggregation phase and cannot be used as weight for the aggregation of other variables
QV.NPCPV.NNFOOD.ID.SHP,QV.NPV.NNFOOD.ID.NO,OA.TPBS.POP.PPL.NO,OA.TPBS.POP.PPL.NO,share,,,weighted.mean,0.65,0,,
WEIGHT.POP.NPV.NNFOOD.0406,QV.NPV.NNFOOD.BASE.0406,POP.TOT.BASE.0406,,share,,,discard,0.65,0,,the aggregation is not needed but I need to specify it otherwise this variable will be excluded from the aggregation phase and cannot be used as weight for the aggregation of other variables
QI.GPIN.FOOD.IN.NO,,,QV.GPV.FOOD.BASE.0406,,,,weighted.mean,0.65,0,,
QI.GPCPIN.FOOD.IN.NO,,,QV.GPV.FOOD.BASE.0406,,,,weighted.mean,0.65,0,,
QI.NPIN.FOOD.IN.NO,,,QV.NPV.FOOD.BASE.0406,,,,weighted.mean,0.65,0,,
QI.NPCPIN.FOOD.IN.NO,,,QV.NPV.FOOD.BASE.0406,,,,weighted.mean,0.65,0,,
QI.NPCPIN.FOOD.IN.GR12,QI.NPCPIN.FOOD.IN.NO,,QI.NPCPIN.FOOD.IN.NO,growth,12,geo,weighted.mean,0.65,0,,ls
QI.NPCPIN.FOOD.IN.CH1,QI.NPCPIN.FOOD.IN.NO,,QI.NPCPIN.FOOD.IN.NO,change,1,,weighted.mean,0.65,0,,
QI.NPIN.CRPS.IN.NO,,,QV.NPV.CRPS.BASE.0406,,,,weighted.mean,0.65,0,,
QI.NPCPIN.CRPS.IN.NO,,,QV.NPV.CRPS.BASE.0406,,,,weighted.mean,0.65,0,,
QI.NPCPIN.CRPS.IN.GR12,QI.NPCPIN.CRPS.IN.NO,,QI.NPCPIN.CRPS.IN.NO,growth,12,geo,weighted.mean,0.65,0,,ls
QI.NPCPIN.CRPS.IN.CH1,QI.NPCPIN.CRPS.IN.NO,,QI.NPCPIN.CRPS.IN.NO,change,1,,weighted.mean,0.65,0,,
QI.GPIN.AGR.IN.NO,,,QV.GPV.AGR.BASE.0406,,,,weighted.mean,0.65,0,,
QI.NPIN.AGR.IN.NO,,,QV.NPV.AGR.BASE.0406,,,,weighted.mean,0.65,0,,
QI.NPCPIN.AGR.IN.NO,,,QV.NPV.AGR.BASE.0406,,,,weighted.mean,0.65,0,,
QI.NPIN.CRLS.IN.NO,,,QV.NPV.CRLS.BASE.0406,,,,weighted.mean,0.65,0,,
QI.NPCPIN.CRLS.IN.NO,,,QV.NPV.CRLS.BASE.0406,,,,weighted.mean,0.65,0,,
QI.NPIN.LVSTCK.IN.NO,,,QV.NPV.LVSTCK.BASE.0406,,,,weighted.mean,0.65,0,,
QI.NPCPIN.LVSTCK.IN.NO,,,QV.NPV.LVSTCK.BASE.0406,,,,weighted.mean,0.65,0,,
QI.NPCPIN.LVSTCK.IN.GR12,QI.NPCPIN.LVSTCK.IN.NO,,QI.NPCPIN.LVSTCK.IN.NO,growth,12,geo,weighted.mean,0.65,0,,ls
QI.NPCPIN.LVSTCK.IN.CH1,QI.NPCPIN.LVSTCK.IN.NO,,QI.NPCPIN.LVSTCK.IN.NO,change,1,,weighted.mean,0.65,0,,
QI.NPIN.NNFOOD.IN.NO,,,QV.NPV.NNFOOD.BASE.0406,,,,weighted.mean,0.65,0,,
QI.NPCPIN.NNFOOD.IN.NO,,,QV.NPV.NNFOOD.BASE.0406,,,,weighted.mean,0.65,0,,
QI.NPCPIN.NNFOOD.IN.GR12,QI.NPCPIN.NNFOOD.IN.NO,,QI.NPCPIN.NNFOOD.IN.NO,growth,12,geo,weighted.mean,0.65,0,,ls
QI.NPCPIN.NNFOOD.IN.CH1,QI.NPCPIN.NNFOOD.IN.NO,,QI.NPCPIN.NNFOOD.IN.NO,change,1,,weighted.mean,0.65,0,,
MUV,,,,,,,discard,0.65,0,,no aggregation has to be done
TP.EXVAL.FOOD.USD.NO,,,,,,,sum,0.65,0,,trade
TP.IMVAL.FOOD.USD.NO,,,,,,,sum,0.65,0,,trade
TP.EXVOL.CRLS.TN.NO,,,,,,,sum,0.65,0,,trade
TP.IMVOL.CRLS.TN.NO,,,,,,,sum,0.65,0,,trade
TP.EXVAL.CRLS.USD.NO,,,,,,,sum,0.65,0,,trade
TP.IMVAL.CRLS.USD.NO,,,,,,,sum,0.65,0,,trade
TP.EXVAL.CRLSPREP.USD.NO,,,,,,,sum,0.65,0,,trade
TP.EXVAL.CRLSPREP.USD.SH,TP.EXVAL.CRLSPREP.USD.NO,MUV,,share,,,sum,0.65,0,,trade
TP.IMVAL.CRLSPREP.USD.NO,,,,,,,sum,0.65,0,,trade
TP.IMVAL.CRLSPREP.USD.SH,TP.IMVAL.CRLSPREP.USD.NO,MUV,,share,,,sum,0.65,0,,trade
TP.NETVAL.CRLSPREP.USD.NO,,,,manual,,,sum,0.65,0,,trade
TP.NETVAL.CRLSPREP.USD.SH,TP.NETVAL.CRLSPREP.USD.NO,MUV,,share,,,sum,0.65,0,,trade
TP.EXVOL.MEAT.TN.NO,,,,,,,sum,0.65,0,,trade
TP.IMVOL.MEAT.TN.NO,,,,,,,sum,0.65,0,,trade
TP.EXVAL.MEATPREP.USD.NO,,,,,,,sum,0.65,0,,trade
TP.EXVAL.MEATPREP.USD.SH,TP.EXVAL.MEATPREP.USD.NO,MUV,,share,,,sum,0.65,0,,trade
TP.IMVAL.MEATPREP.USD.NO,,,,,,,sum,0.65,0,,trade
TP.IMVAL.MEATPREP.USD.SH,TP.IMVAL.MEATPREP.USD.NO,MUV,,share,,,sum,0.65,0,,trade
TP.NETVAL.MEATPREP.USD.NO,,,,manual,,,sum,0.65,0,,trade
TP.NETVAL.MEATPREP.USD.SH,TP.NETVAL.MEATPREP.USD.NO,MUV,,share,,,sum,0.65,0,,trade
TP.EXVAL.FV.USD.NO,,,,,,,sum,0.65,0,,trade
TP.EXVAL.FV.USD.SH,TP.EXVAL.FV.USD.NO,MUV,,share,,,sum,0.65,0,,trade
TP.IMVAL.FV.USD.NO,,,,,,,sum,0.65,0,,trade
TP.IMVAL.FV.USD.SH,TP.IMVAL.FV.USD.NO,MUV,,share,,,sum,0.65,0,,trade
TP.NETVAL.FV.USD.NO,,,,manual,,,sum,0.65,0,,trade
TP.NETVAL.FV.USD.SH,TP.NETVAL.FV.USD.NO,MUV,,share,,,sum,0.65,0,,trade
TP.EXVOL.MILKEQ.TN.NO,,,,,,,sum,0.65,0,,trade
TP.IMVOL.MILKEQ.TN.NO,,,,,,,sum,0.65,0,,trade
TP.EXVAL.MILKEQ.USD.NO,,,,,,,sum,0.65,0,,trade
TP.EXVAL.MILKEQ.USD.SH,TP.EXVAL.MILKEQ.USD.NO,MUV,,share,,,sum,0.65,0,,trade
TP.IMVAL.MILKEQ.USD.NO,,,,,,,sum,0.65,0,,trade
TP.IMVAL.MILKEQ.USD.SH,TP.IMVAL.MILKEQ.USD.NO,MUV,,share,,,sum,0.65,0,,trade
TP.NETVAL.MILKEQ.USD.NO,,,,manual,,,sum,0.65,0,,
TP.NETVAL.MILKEQ.USD.SH,TP.NETVAL.MILKEQ.USD.NO,MUV,,share,,,sum,0.65,0,,
TP.EXVOL.ANFATS.TN.NO,,,,,,,sum,0.65,0,,trade
TP.IMVOL.ANFATS.TN.NO,,,,,,,sum,0.65,0,,trade
TP.EXVAL.ANFATS.USD.NO,,,,,,,sum,0.65,0,,trade
TP.EXVAL.ANFATS.USD.SH,TP.EXVAL.ANFATS.USD.NO,MUV,,share,,,sum,0.65,0,,trade
TP.IMVAL.ANFATS.USD.NO,,,,,,,sum,0.65,0,,trade
TP.IMVAL.ANFATS.USD.SH,TP.IMVAL.ANFATS.USD.NO,MUV,,share,,,sum,0.65,0,,trade
TP.EXVOL.OILSEEDS.TN.NO,,,,,,,sum,0.65,0,,trade
TP.IMVOL.OILSEEDS.TN.NO,,,,,,,sum,0.65,0,,trade
TP.EXVAL.OILSEEDS.USD.NO,,,,,,,sum,0.65,0,,trade
TP.EXVAL.OILSEEDS.USD.SH,TP.EXVAL.OILSEEDS.USD.NO,MUV,,share,,,sum,0.65,0,,trade
TP.IMVAL.OILSEEDS.USD.NO,,,,,,,sum,0.65,0,,trade
TP.IMVAL.OILSEEDS.USD.SH,TP.IMVAL.OILSEEDS.USD.NO,MUV,,share,,,sum,0.65,0,,trade
TP.EXVOL.MISC.TN.NO,,,,,,,sum,0.65,0,,trade
TP.IMVOL.MISC.TN.NO,,,,,,,sum,0.65,0,,trade
TP.EXVAL.MISC.USD.NO,,,,,,,sum,0.65,0,,trade
TP.IMVAL.MISC.USD.NO,,,,,,,sum,0.65,0,,trade
TP.EXVOL.SUGHON.TN.NO,,,,,,,sum,0.65,0,,trade
TP.IMVOL.SUGHON.TN.NO,,,,,,,sum,0.65,0,,trade
TP.EXVAL.SUGHON.USD.NO,,,,,,,sum,0.65,0,,trade
TP.EXVAL.SUGHON.USD.SH,TP.EXVAL.SUGHON.USD.NO,MUV,,share,,,sum,0.65,0,,trade
TP.IMVAL.SUGHON.USD.NO,,,,,,,sum,0.65,0,,trade
TP.IMVAL.SUGHON.USD.SH,TP.IMVAL.SUGHON.USD.NO,MUV,,share,,,sum,0.65,0,,trade
TP.NETVAL.SUGHON.USD.NO,,,,manual,,,sum,0.65,0,,
TP.NETVAL.SUGHON.USD.SH,TP.NETVAL.SUGHON.USD.NO,MUV,,share,,,sum,0.65,0,,trade
TP.EXVOL.VEGOIL.TN.NO,,,,,,,sum,0.65,0,,trade
TP.IMVOL.VEGOIL.TN.NO,,,,,,,sum,0.65,0,,trade
TP.EXVAL.VEGOIL.USD.NO,,,,,,,sum,0.65,0,,trade
TP.EXVAL.VEGOIL.USD.SH,TP.EXVAL.VEGOIL.USD.NO,MUV,,share,,,sum,0.65,0,,trade
TP.IMVAL.VEGOIL.USD.NO,,,,,,,sum,0.65,0,,trade
TP.IMVAL.VEGOIL.USD.SH,TP.IMVAL.VEGOIL.USD.NO,MUV,,share,,,sum,0.65,0,,trade
TP.NETVAL.AFOVO.USD.NO,,,,manual,,,sum,0.65,0,,
TP.NETVAL.AFOVO.USD.SH,TP.NETVAL.AFOVO.USD.NO,MUV,,share,,,sum,0.65,0,,
TP.EXVAL.CTCS.USD.NO,,,,,,,sum,0.65,0,,trade
TP.EXVAL.CTCS.USD.SH,TP.EXVAL.CTCS.USD.NO,MUV,,share,,,sum,0.65,0,,trade
TP.IMVAL.CTCS.USD.NO,,,,,,,sum,0.65,0,,trade
TP.IMVAL.CTCS.USD.SH,TP.IMVAL.CTCS.USD.NO,MUV,,share,,,sum,0.65,0,,trade
TP.NETVAL.CTCS.USD.NO,,,,manual,,,sum,0.65,0,,
TP.NETVAL.CTCS.USD.SH,TP.NETVAL.CTCS.USD.NO,MUV,,share,,,sum,0.65,0,,trade
TP.EXVOL.BEV.TN.NO,,,,,,,sum,0.65,0,,trade
TP.IMVOL.BEV.TN.NO,,,,,,,sum,0.65,0,,trade
TP.EXVAL.BEV.USD.NO,,,,,,,sum,0.65,0,,trade
TP.EXVAL.BEV.USD.SH,TP.EXVAL.BEV.USD.NO,MUV,,share,,,sum,0.65,0,,trade
TP.IMVAL.BEV.USD.NO,,,,,,,sum,0.65,0,,trade
TP.IMVAL.BEV.USD.SH,TP.IMVAL.BEV.USD.NO,MUV,,share,,,sum,0.65,0,,trade
TP.NETVAL.BEV.USD.NO,,,,manual,,,sum,0.65,0,,
TP.NETVAL.BEV.USD.SH,TP.NETVAL.BEV.USD.NO,MUV,,share,,,sum,0.65,0,,
TI.IMVAL.FOOD.IN.NO,,,,,,,discard,0.65,0,,no aggregation has to be done
EN.BIR.THRD.NO,,,,,,,sum,0.65,0,,
EN.FSH.THRD.NO,,,,,,,sum,0.65,0,,
EN.MAM.THRD.NO,,,,,,,sum,0.65,0,,
EN.HPT.THRD.NO,,,,,,,sum,0.65,0,,
ER.LND.PTLD.ZS,,,RL.AREA.LAND.HA.NO,,,,weighted.mean,0.65,0,,we are not using a wb variable to weight because I don't know what it is
ER.MRN.PTMR.ZS,,,,,,,discard,0.65,0,,no aggregation has to be done
EE.BOD.TOTL.KG,,,,,,,discard,0.65,0,,no aggregation has to be done
FO.PRD.RW.M3.NO,,,,,,,sum,0.65,0,,"forestry, faostat"
FO.PRD.RW.M3.SHP,FO.PRD.RW.M3.NO,OA.TPBS.POP.PPL.NO,OA.TPBS.POP.PPL.NO,share,,,weighted.mean,0.65,0,,
FO.PRD.RW.M3.GR50,FO.PRD.RW.M3.NO,,FO.PRD.RW.M3.NO,growth,50,geo,weighted.mean,0.65,0,,
FO.EXQNT.RW.M3.NO,,,,,,,sum,0.65,0,,"forestry, faostat"
FO.IMQNT.RW.M3.NO,,,,,,,sum,0.65,0,,"forestry, faostat"
FO.PRD.IRW.M3.NO,,,,,,,sum,0.65,0,,"forestry, faostat"
FO.PRD.IRW.M3.GR50,FO.PRD.IRW.M3.NO,,FO.PRD.IRW.M3.NO,growth,50,geo,weighted.mean,0.65,0,,
FO.PRD.WF.M3.NO,,,,,,,sum,0.65,0,,"forestry, faostat"
FO.PRD.WF.M3.GR50,FO.PRD.WF.M3.NO,,FO.PRD.WF.M3.NO,growth,50,geo,weighted.mean,0.65,0,,
FO.PRD.RP.M3.NO,,,,,,,sum,0.65,0,,"forestry, faostat"
FO.PRD.RP.M3.GR50,FO.PRD.RP.M3.NO,,FO.PRD.RP.M3.NO,growth,50,geo,weighted.mean,0.65,0,,
FO.PRD.SW.M3.NO,,,,,,,sum,0.65,0,,"forestry, faostat"
FO.PRD.SW.M3.GR50,FO.PRD.SW.M3.NO,,FO.PRD.SW.M3.NO,growth,50,geo,weighted.mean,0.65,0,,
FO.PRD.WBP.M3.NO,,,,,,,sum,0.65,0,,"forestry, faostat"
FO.PRD.WBP.M3.GR50,FO.PRD.WBP.M3.NO,,FO.PRD.WBP.M3.NO,growth,50,geo,weighted.mean,0.65,0,,
FO.PRD.WP.M3.NO,,,,,,,sum,0.65,0,,"forestry, faostat"
FO.PRD.WP.M3.GR50,FO.PRD.WP.M3.NO,,FO.PRD.WP.M3.NO,growth,50,geo,weighted.mean,0.65,0,,
FO.PRD.PPB.M3.NO,,,,,,,sum,0.65,0,,"forestry, faostat"
FO.PRD.PPB.M3.GR50,FO.PRD.PPB.M3.NO,,FO.PRD.PPB.M3.NO,growth,50,geo,weighted.mean,0.65,0,,
FO.EXQNT.RP.M3.NO,,,,,,,sum,0.65,0,,"forestry, faostat"
FO.EXQNT.SW.M3.NO,,,,,,,sum,0.65,0,,"forestry, faostat"
FO.EXQNT.WBP.M3.NO,,,,,,,sum,0.65,0,,"forestry, faostat"
FO.EXQNT.WP.M3.NO,,,,,,,sum,0.65,0,,"forestry, faostat"
FO.EXQNT.PPB.M3.NO,,,,,,,sum,0.65,0,,"forestry, faostat"
FO.EXVAL.TOT.USD.NO,,,,,,,sum,0.65,0,,"forestry, faostat"
FO.IMVAL.TOT.USD.NO,,,,,,,sum,0.65,0,,"forestry, faostat"
GHG.TOT.ALL.GG.NO,,,,,,,sum,0.65,0,,ghg
GHG.TOT.AS.GG.NO,,,,,,,sum,0.65,0,,ghg
GHG.EF.TECO2EQ.GG.NO,,,,,,,sum,0.65,0,,
GHG.MM.TECO2EQ.GG.NO,,,,,,,sum,0.65,0,,
GHG.RC.TECO2EQ.GG.NO,,,,,,,sum,0.65,0,,
GHG.SF.TECO2EQ.GG.NO,,,,,,,sum,0.65,0,,
GHG.MATS.TECO2EQ.GG.NO,,,,,,,sum,0.65,0,,
GHG.MLOP.TECO2EQ.GG.NO,,,,,,,sum,0.65,0,,
GHG.CR.TECO2EQ.GG.NO,,,,,,,sum,0.65,0,,
GHG.CO.TECO2EQ.GG.NO,,,,,,,sum,0.65,0,,
GHG.BCR.TECO2EQ.GG.NO,,,,,,,sum,0.65,0,,
GHG.BS.TECO2EQ.GG.NO,,,,,,,sum,0.65,0,,
GL.LU.TOT.NERCO2EQ.NO,,,,,,,sum,0.65,0,,
GL.BB.TOT.NERCO2EQ.NO,,,,,,,sum,0.65,0,,
GL.CL.TOT.NERCO2EQ.NO,,,,,,,sum,0.65,0,,
GL.FL.TOT.NERCO2EQ.NO,,,,,,,sum,0.65,0,,
GL.FL.F.NERCO2EQ.NO,,,,,,,sum,0.65,0,,
GL.FL.NFC.NERCO2EQ.NO,,,,,,,sum,0.65,0,,
GL.GL.TOT.NERCO2EQ.NO,,,,,,,sum,0.65,0,,
GI.OS.TOT.ECO2EQ.NO,,,,,,,sum,0.65,0,,
GLI.CHPF.TOT.ECO2EQ.NO,,,,,,,sum,0.65,0,,
GHG.AFOLU.TOT.ECO2EQ.NO,,,,,,,sum,0.65,0,,
SM.POP.REFG,,,,,,,sum,0.65,0,,
SM.POP.REFG.OR,,,,,,,sum,0.65,0,,
VC.IDP.TOTL.LE,,,,,,,sum,0.65,0,,
SM.POP.NETM,,,,,,,sum,0.65,0,,
SM.POP.TOTL,,,,,,,sum,0.65,0,,
SM.POP.TOTL.ZS,,,OA.TPBS.POP.PPL.NO,,,,weighted.mean,0.65,0,,
BP.AP.GP.TJ.NO,,,,,,,sum,0.65,0,,
BP.BP.GP.TJ.NO,,,,,,,sum,0.65,0,,
BP.BDP.GP.TJ.NO,,,,,,,sum,0.65,0,,
BP.BGP.GP.TJ.NO,,,,,,,sum,0.65,0,,
BP.VWP.GP.TJ.NO,,,,,,,sum,0.65,0,,
BP.TP.GP.TJ.NO,,,,,,,sum,0.65,0,,
FO.WP.PQ.TN.NO,,,,,,,sum,0.65,0,,
GN.TE.CIA.TJ.NO,,,,,,,sum,0.65,0,,
GN.UI.EA.TJPIN.NO,,,QI.GPIN.AGR.IN.NO,,,,weighted.mean,0.65,0,,
CC.FSQ.GT.GCD.NO,,,OA.TPBS.POP.PPL.NO,,,,weighted.mean,0.65,0,,
CC.PSQ.GT.GCD.NO,,,OA.TPBS.POP.PPL.NO,,,,weighted.mean,0.65,0,,
FI.PRD.CAPT.TN.NO,,,,,,,sum,0.65,0,,
FI.PRD.CAPT.TN.GR10,FI.PRD.CAPT.TN.NO,,FI.PRD.CAPT.TN.NO,growth,10,geo,weighted.mean,0.65,0,,
FI.PRD.CAPT.TN.SH,FI.PRD.CAPT.TN.NO,OA.TPBS.POP.PPL.NO,OA.TPBS.POP.PPL.NO,share,,,weighted.mean,0.65,0,1000,from tonne/cap to kg/cap
FI.PRD.CAPT.TN.SHW,FI.PRD.CAPT.TN.NO,,,share,,,sum,0.65,0,100,
FI.PRD.AQ.TN.NO,,,,,,,sum,0.65,0,,
FI.PRD.AQ.TN.GR10,FI.PRD.AQ.TN.NO,,FI.PRD.AQ.TN.NO,growth,10,geo,weighted.mean,0.65,0,,
FI.PRD.AQ.TN.SH,FI.PRD.AQ.TN.NO,OA.TPBS.POP.PPL.NO,OA.TPBS.POP.PPL.NO,share,,,weighted.mean,0.65,0,1000,from tonne/cap to kg/cap
FI.PRD.AQ.TN.SHW,FI.PRD.AQ.TN.NO,,,share,,,sum,0.65,0,100,
FI.PRD.TOT.TN.NO,,,,manual,,,sum,0.65,0,,
FI.EXVAL.FISH.USD.NO,,,,,,,sum,0.65,0,,
FI.EXVAL.FISH.USD.SH,FI.EXVAL.FISH.USD.NO,MUV,,share,,,sum,0.65,0,,trade
FI.IMVAL.FISH.USD.NO,,,,,,,sum,0.65,0,,fish
FI.IMVAL.FISH.USD.SH,FI.IMVAL.FISH.USD.NO,MUV,,share,,,sum,0.65,0,,trade
FI.NETVAL.FISH.USD.NO,,,,manual,,,sum,0.65,0,,
FI.NETVAL.FISH.USD.SH,FI.NETVAL.FISH.USD.NO,MUV,,share,,,sum,0.65,0,,trade
TP.EXVAL.FOODWF.USD.NO,,,,manual,,,sum,0.65,0,,trade
TP.EXVAL.FOODWF.USD.SH,TP.EXVAL.FOODWF.USD.NO,MUV,,share,,,sum,0.65,0,,trade
TP.IMVAL.FOODWF.USD.NO,,,,manual,,,sum,0.65,0,,trade
TP.IMVAL.FOODWF.USD.SH,TP.IMVAL.FOODWF.USD.NO,MUV,,share,,,sum,0.65,0,,trade
SH.STA.STNT.ZS,,,OA.TPBS.POP.PPL.NO,,,,weighted.mean,0.65,0,,
SH.STA.WAST.ZS,,,OA.TPBS.POP.PPL.NO,,,,weighted.mean,0.65,0,,
SH.STA.OWGH.ZS,,,OA.TPBS.POP.PPL.NO,,,,weighted.mean,0.65,0,,
SH.STA.OWGH.FE.ZS,,,OA.TPBS.POP.PPL.NO,,,,weighted.mean,0.65,0,,
SH.STA.OWGH.MA.ZS,,,OA.TPBS.POP.PPL.NO,,,,weighted.mean,0.65,0,,
SH.XPD.PCAP,,,OA.TPBS.POP.PPL.NO,,,,weighted.mean,0.65,0,,
BN.CAB.XOKA.GD.ZS,,,,,,,discard,0.65,0,,
overweight_FMLE,,,OA.TPBS.POP.PPL.NO,,,,weighted.mean,0.65,0,,
overweight_MLE,,,OA.TPBS.POP.PPL.NO,,,,weighted.mean,0.65,0,,
overweight_BOTH,,,OA.TPBS.POP.PPL.NO,,,,weighted.mean,0.65,0,,
obesity_FMLE,,,OA.TPBS.POP.PPL.NO,,,,weighted.mean,0.65,0,,
obesity_MLE,,,OA.TPBS.POP.PPL.NO,,,,weighted.mean,0.65,0,,
obesity_BOTH,,,OA.TPBS.POP.PPL.NO,,,,weighted.mean,0.65,0,,
urban_female_share,,,OA.TPBS.POP.PPL.NO,,,,weighted.mean,0.65,0,,
urban_male_share,,,OA.TPBS.POP.PPL.NO,,,,weighted.mean,0.65,0,,
rural_female_share,,,OA.TPBS.POP.PPL.NO,,,,weighted.mean,0.65,0,,
rural_male_share,,,OA.TPBS.POP.PPL.NO,,,,weighted.mean,0.65,0,,
SH.H2O.SAFE.RU.ZS,,,OA.TPBS.POP.PPL.NO,,,,weighted.mean,0.65,0,,
PrimFor,,,,,,,sum,0.65,0,,
PlantFor,,,,,,,sum,0.65,0,,
NatRegFor,,,,,,,sum,0.65,0,,
PP_656_5532,,,,,,,mean,0.65,0,,
PI_656_5539,,,,,,,mean,0.65,0,,
TP_656_5922,,,,,,,sum,0.65,0,,
TP_657_5922,,,,,,,sum,0.65,0,,
TP_659_5922,,,,,,,sum,0.65,0,,
TP_656_5622,,,,,,,sum,0.65,0,,
TP_657_5622,,,,,,,sum,0.65,0,,
TP_659_5622,,,,,,,sum,0.65,0,,
QC_656_5312,,,,,,,sum,0.65,0,,
QC_656_5419,,,QC_656_5510,,,,weighted.mean,0.65,0,,
QC_656_5510,,,,,,,sum,0.65,0,,
CC_664_2903,,,OA.TPBS.POP.PPL.NO,,,,weighted.mean,0.65,0,,
CL_664_2941,,,OA.TPBS.POP.PPL.NO,,,,weighted.mean,0.65,0,,
TP_5922_1882,,,,,,,sum,0.65,0,,
energy.for.power.irrigation,,,,,,,sum,0.65,0,,
CP_7013_230123,,,,,,,mean,0.65,0,,
area_harvested,,,,,,,sum,0.65,0,,
nitrogen_tonnes,,,RL.AREA.AGR.HA.NO,,,,weighted.mean,0.65,0,,
phosphate_tonnes,,,RL.AREA.AGR.HA.NO,,,,weighted.mean,0.65,0,,
potash_tonnes,,,RL.AREA.AGR.HA.NO,,,,weighted.mean,0.65,0,,
EE_6740_72041,,,NY.GDP.MKTP.CD,,,,weighted.mean,0.65,0,,
EE_6741_72040,,,NY.GDP.MKTP.CD,,,,weighted.mean,0.65,0,,
GN_6808_72182,,,,,,,sum,0.65,0,,
aquaculture_fish_production,,,,,,,sum,0.65,0,,
capture_fish_production,,,,,,,sum,0.65,0,,
total_fish_production,,,,,,,sum,0.65,0,,
production_quantity_index,,,NY.GDP.MKTP.CD,,,,mean,0.65,0,,
net_fish_trade,,,,,,,sum,0.65,0,,
NY.GDP.MKTP.KD,,,,,,,sum,0.65,0,,
prod_val_vegoil,,,,,,,sum,0.65,0,,
prod_val_vegoil.BASE.0406,,,,manual,,,discard,0.65,0,,the aggregation is not needed but I need to specify it otherwise this variable will be excluded from the aggregation phase and cannot be used as weight for the aggregation of other variables
prod_val_sugar,,,,,,,sum,0.65,0,,
prod_val_sugar.BASE.0406,,,,manual,,,discard,0.65,0,,the aggregation is not needed but I need to specify it otherwise this variable will be excluded from the aggregation phase and cannot be used as weight for the aggregation of other variables
prod_val_roots,,,,,,,sum,0.65,0,,
prod_val_roots.BASE.0406,,,,manual,,,discard,0.65,0,,the aggregation is not needed but I need to specify it otherwise this variable will be excluded from the aggregation phase and cannot be used as weight for the aggregation of other variables
prod_val_milk,,,,,,,sum,0.65,0,,
prod_val_milk.BASE.0406,,,,manual,,,discard,0.65,0,,the aggregation is not needed but I need to specify it otherwise this variable will be excluded from the aggregation phase and cannot be used as weight for the aggregation of other variables
prod_val_vege,,,,,,,sum,0.65,0,,
prod_val_vege.BASE.0406,,,,manual,,,discard,0.65,0,,the aggregation is not needed but I need to specify it otherwise this variable will be excluded from the aggregation phase and cannot be used as weight for the aggregation of other variables
prod_val_meat,,,,,,,sum,0.65,0,,
prod_val_meat.BASE.0406,,,,manual,,,discard,0.65,0,,the aggregation is not needed but I need to specify it otherwise this variable will be excluded from the aggregation phase and cannot be used as weight for the aggregation of other variables
prod_ind_Meat.indigenous.total,,,prod_val_meat.BASE.0406,,,,weighted.mean,0.65,0,,
prod_ind_Milk.Total,,,prod_val_milk.BASE.0406,,,,weighted.mean,0.65,0,,
prod_ind_Oilcrops.Primary,,,prod_val_vegoil.BASE.0406,,,,weighted.mean,0.65,0,,
prod_ind_Roots.and.Tubers.Total,,,prod_val_roots.BASE.0406,,,,weighted.mean,0.65,0,,
prod_ind_Sugar.raw,,,prod_val_sugar.BASE.0406,,,,weighted.mean,0.65,0,,
prod_ind_Vegetables.and.Fruit.Primary,,,prod_val_vege.BASE.0406,,,,weighted.mean,0.65,0,,
dfa_share_commit_tot,,,total_oda_usd2013,,,,weighted.mean,0.65,0,,
dfa_AOI_commit,,,total_oda_usd2013,,,,weighted.mean,0.65,0,,
dfa_commit_usd2013,,,,,,,sum,0.65,0,,
bilat_don_agr,,,,,,,sum,0.65,0,,
multilat_don_agr,,,,,,,sum,0.65,0,,
privat_don_agr,,,,,,,sum,0.65,0,,
total_oda_usd2013,,,,,,,sum,0.65,0,,
ILO_EMP_2EMP_SEX_AGE_NB,,,,,,,sum,0.65,0,,
ILO_female_emp_agri,,,OA.TPBS.POP.PPL.NO,,,,weighted.mean,0.65,0,,
ILO_male_emp_agri,,,OA.TPBS.POP.PPL.NO,,,,weighted.mean,0.65,0,,
NY.GDP.PCAP.PP.KD,,,OA.TPBS.POP.PPL.NO,,,,weighted.mean,0.65,0,,
T.V.FEFS.PCT3D,,,total_merchandise_trade_export_value,,,,weighted.mean,0.65,0,,
total_merchandise_trade_export_value,,,,,,,sum,0.65,0,,
G.GD.PSAVT.IN,,,OA.TPBS.POP.PPL.NO,,,,weighted.mean,0.65,0,,
IG_6111_23131,,,,,,,discard,0.65,0,,no aggregation has to be done
IG_6111_23161,,,,,,,discard,0.65,0,,no aggregation has to be done
